drug_id|drug_name,,,
100-0-d00001|acyclovir,,,
101-0-d03201|acyclovir topical,,,
3161-0-d07717|acyclovir/hydrocortisone topical,,,
2282-0-d03838|valacyclovir,,,
167-0-d00002|amiodarone,,,
196-0-d00003|ampicillin,,,
198-0-d00090|ampicillin/sulbactam,,,
197-0-d03983|ampicillin/probenecid,,,
304-0-d00151|bacampicillin,,,
273-0-d00004|atenolol,,,
274-0-d03258|atenolol/chlorthalidone,,,
493-0-d00006|captopril,,,
494-0-d03566|captopril/hydrochlorothiazide,,,
541-0-d00007|cefazolin,,,
549-0-d00008|cefotaxime,,,
554-0-d00009|ceftazidime,,,
3606-0-d08358|avibactam/ceftazidime,,,
672-0-d00011|ciprofloxacin,,,
673-0-d03211|ciprofloxacin ophthalmic,,,
3131-0-d04287|ciprofloxacin otic,,,
674-0-d04890|ciprofloxacin/dexamethasone otic,,,
3751-0-d07225|ciprofloxacin/fluocinolone otic,,,
675-0-d04288|ciprofloxacin/hydrocortisone otic,,,
718-0-d00012|codeine,,,
719-0-d03393|codeine/guaifenesin,,,
725-0-d03357|codeine/promethazine,,,
726-0-d03341|codeine/pseudoephedrine,,,
727-0-d03363|codeine/pseudoephedrine/triprolidine,,,
721-0-d03398|codeine/guaifenesin/pseudoephedrine,,,
2901-0-d04559|codeine/phenylephrine,,,
3731-0-d08411|codeine/phenylephrine/triprolidine,,,
3359-0-d07807|codeine/dexbrompheniramine/pseudoephedrine,,,
2905-0-d07301|codeine/dexchlorpheniramine/phenylephrine,,,
2967-0-d07367|codeine/diphenhydramine/phenylephrine,,,
2501-0-d07160|codeine/guaifenesin/phenylephrine,,,
720-0-d03407|codeine/guaifenesin/phenylpropanolamine,,,
722-0-d03584|codeine/pheniramine/phenylephrine/sodium citrate,,,
723-0-d03364|codeine/phenylephrine/promethazine,,,
724-0-d03365|codeine/phenylephrine/pyrilamine,,,
3215-0-d07493|codeine/pseudoephedrine/pyrilamine,,,
3163-0-d08200|codeine/pyrilamine,,,
48-0-d03423|acetaminophen/codeine,,,
247-0-d03426|aspirin/butalbital/caffeine/codeine,,,
972-0-d00013|enalapril,,,
974-0-d03740|enalapril/hydrochlorothiazide,,,
2367-0-d00013|enalaprilat,,,
973-0-d04116|enalapril/felodipine,,,
891-0-d04060|diltiazem/enalapril,,,
1168-0-d00014|gentamicin,,,
1170-0-d03974|gentamicin ophthalmic,,,
1169-0-d03196|gentamicin topical,,,
1171-0-d03534|gentamicin/prednisolone ophthalmic,,,
1310-0-d00015|ibuprofen,,,
900-15690-d05819|Ibuprofen PM (diphenhydramine/ibuprofen),,,
1310-2584-d00015|Ibuprofen PMR (ibuprofen),,,
1312-0-d03292|ibuprofen/pseudoephedrine,,,
1311-0-d05415|ibuprofen/oxycodone,,,
3340-0-d07487|ibuprofen/phenylephrine,,,
4372-0-d09897|ibuprofen/salicylic acid topical,,,
1273-0-d04225|hydrocodone/ibuprofen,,,
3320-0-d07764|famotidine/ibuprofen,,,
4137-0-d07755|acetaminophen/ibuprofen,,,
900-0-d05819|diphenhydramine/ibuprofen,,,
3418-0-d08667|chlorpheniramine/ibuprofen/phenylephrine,,,
625-0-d04863|chlorpheniramine/ibuprofen/pseudoephedrine,,,
4216-0-d09660|fluconazole/ibuprofen/itraconazole/terbinafine topical,,,
1310-2600-d00015|Childrens Ibuprofen Berry (ibuprofen),,,
1310-17195-d00015|PediaCare Children\'s IB Ibuprofen Pain Reliever/Fever Reducer (ibuprofen),,,
1310-17194-d00015|PediaCare Infants\' IB Ibuprofen Pain Reliever/Fever Reducer (ibuprofen),,,
1420-0-d00016|labetalol,,,
1557-0-d00017|meperidine,,,
1558-0-d03433|meperidine/promethazine,,,
1675-0-d00018|nadolol,,,
335-0-d03259|bendroflumethiazide/nadolol,,,
1690-0-d00019|naproxen,,,
1690-2613-d00019|Naproxen Sodium DS (naproxen),,,
2829-0-d07130|naproxen/sumatriptan,,,
1691-0-d04498|naproxen/pseudoephedrine,,,
3233-0-d07631|esomeprazole/naproxen,,,
1434-0-d04913|lansoprazole/naproxen,,,
3552-0-d08349|diphenhydramine/naproxen,,,
1690-13833-d00019|Comfort Pac with Naproxen (naproxen),,,
1690-13582-d00019|Leader Naproxen Sodium (naproxen),,,
1991-0-d00021|ranitidine,,,
1992-0-d04042|ranitidine bismuth citrate,,,
2311-0-d00022|warfarin,,,
127-0-d00023|allopurinol,,,
3858-0-d08642|allopurinol/lesinurad,,,
296-0-d00024|azathioprine,,,
1230-0-d00027|haloperidol,,,
1414-0-d00028|ketoprofen,,,
3519-0-d08194|ketoprofen/lidocaine topical,,,
3473-0-d08078|ketamine/ketoprofen/lidocaine topical,,,
1941-0-d00031|probenecid,,,
729-11381-d03652|Probenecid and Colchicine (colchicine/probenecid),,,
729-0-d03652|colchicine/probenecid,,,
1956-0-d00032|propranolol,,,
1265-0-d03261|hydrochlorothiazide/propranolol,,,
2135-0-d00033|sulindac,,,
2322-0-d00034|zidovudine,,,
1429-0-d04219|lamivudine/zidovudine,,,
4-0-d04727|abacavir/lamivudine/zidovudine,,,
940-0-d00037|doxycycline,,,
941-0-d04347|doxycycline topical,,,
3115-0-d07369|doxycycline/omega-3 polyunsaturated fatty acids,,,
3156-0-d07386|doxycycline/salicylic acid topical,,,
1335-0-d00039|indomethacin,,,
1764-0-d00040|oxazepam,,,
2173-0-d00041|tetracycline,,,
2567-0-d03738|tetracycline topical,,,
1774-0-d01070|oxytetracycline,,,
388-0-d06834|bismuth subcitrate potassium/metronidazole/tetracycline,,,
1287-0-d03532|hydrocortisone/oxytetracycline ophthalmic,,,
392-0-d04061|bismuth subsalicylate/metronidazole/tetracycline,,,
641-0-d03993|chlortetracycline ophthalmic,,,
3307-0-d07724|diphenhydramine/hydrocortisone/nystatin/tetracycline topical,,,
1467-0-d04243|lidocaine/oxytetracycline,,,
1775-0-d03510|oxytetracycline/phenazopyridine/sulfamethizole,,,
1776-0-d03528|oxytetracycline/polymyxin b ophthalmic,,,
690-0-d00043|clindamycin,,,
691-0-d01241|clindamycin topical,,,
4193-0-d09633|clindamycin/niacinamide topical,,,
4414-0-d09936|clindamycin/niacinamide/spironolactone/tretinoin topical,,,
4194-0-d09640|clindamycin/niacinamide/tretinoin topical,,,
692-0-d05973|clindamycin/tretinoin topical,,,
4268-0-d09734|adapalene/benzoyl peroxide/clindamycin topical,,,
355-0-d04742|benzoyl peroxide/clindamycin topical,,,
4276-0-d09757|benzoyl peroxide/clindamycin/niacinamide topical,,,
3181-0-d07468|benzoyl peroxide/clindamycin/sodium hyaluronate topical,,,
704-0-d00044|clonidine,,,
704-14317-d00044|Clonidine ER (clonidine),,,
4117-0-d09459|clonidine/epinephrine/ketorolac/ropivacaine,,,
4184-0-d09605|clonidine/ketorolac/ropivacaine,,,
225-0-d01185|apraclonidine ophthalmic,,,
643-0-d03267|chlorthalidone/clonidine,,,
890-0-d00045|diltiazem,,,
890-14143-d00045|Diltiazem Hydrochloride CD (diltiazem),,,
890-2669-d00045|Diltiazem Hydrochloride XR (diltiazem),,,
890-2667-d00045|Diltiazem Hydrochloride SR (diltiazem),,,
890-2670-d00045|Diltiazem Hydrochloride XT (diltiazem),,,
1009-0-d00046|erythromycin,,,
1011-0-d03973|erythromycin ophthalmic,,,
1010-0-d03200|erythromycin topical,,,
1012-0-d03509|erythromycin/sulfisoxazole,,,
356-0-d03857|benzoyl peroxide/erythromycin topical,,,
2012-0-d00047|rifampin,,,
1394-0-d03776|isoniazid/pyrazinamide/rifampin,,,
1395-0-d03508|isoniazid/rifampin,,,
2297-0-d00048|verapamil,,,
2223-0-d04065|trandolapril/verapamil,,,
11-0-d00049|acetaminophen,,,
11-2735-d00049|Acetaminophen-odan (acetaminophen),,,
64-15289-d03445|Acetaminophen PM Extra Strength (acetaminophen/diphenhydramine),,,
71-0-d03428|acetaminophen/hydrocodone,,,
72-0-d03431|acetaminophen/oxycodone,,,
21-0-d03455|acetaminophen/butalbital/caffeine,,,
85-0-d04766|acetaminophen/tramadol,,,
20-0-d03456|acetaminophen/butalbital,,,
22-0-d03425|acetaminophen/butalbital/caffeine/codeine,,,
14-0-d03439|acetaminophen/aspirin/caffeine,,,
26-0-d04269|acetaminophen/caffeine/dihydrocodeine,,,
56-0-d05778|acetaminophen/dextromethorphan/guaifenesin/phenylephrine,,,
64-0-d03445|acetaminophen/diphenhydramine,,,
13-0-d06833|acetaminophen/aspirin,,,
42-0-d03331|acetaminophen/chlorpheniramine/phenylephrine,,,
46-0-d03320|acetaminophen/chlorpheniramine/pseudoephedrine,,,
47-0-d04751|acetaminophen/clemastine/pseudoephedrine,,,
79-0-d03297|acetaminophen/phenyltoloxamine,,,
1578-0-d00050|methadone,,,
1578-2078-d00050|Methadone Diskets (methadone),,,
1717-0-d00051|nifedipine,,,
557-0-d00052|ceftriaxone,,,
558-0-d05649|ceftriaxone/lidocaine,,,
550-0-d00055|cefotetan,,,
559-0-d00056|cefuroxime,,,
497-0-d00058|carbamazepine,,,
1464-0-d00059|lidocaine,,,
1465-13584-d00683|Lidocaine Viscous (lidocaine topical),,,
2954-0-d04661|lidocaine ophthalmic,,,
4398-0-d07961|lidocaine otic,,,
1465-0-d00683|lidocaine topical,,,
1468-0-d03655|lidocaine/prilocaine topical,,,
3577-0-d08259|lidocaine/menthol topical,,,
3623-0-d08353|lidocaine/menthol/methyl salicylate topical,,,
1466-0-d04392|lidocaine/neomycin/polymyxin b topical,,,
3992-0-d09097|lidocaine/phenylephrine ophthalmic,,,
3520-0-d08193|lidocaine/potassium chloride,,,
4369-0-d09878|lidocaine/salicylic acid topical,,,
3317-0-d07757|lidocaine/sodium bicarbonate,,,
1469-0-d05541|lidocaine/tetracaine topical,,,
3726-0-d08402|bupivacaine/lidocaine/triamcinolone,,,
993-0-d03784|epinephrine/lidocaine,,,
3990-0-d09096|epinephrine/lidocaine ophthalmic,,,
4173-0-d09587|adenosine/lidocaine/magnesium sulfate,,,
2845-0-d06901|aloe vera/collagen/lidocaine topical,,,
1590-0-d00060|methotrexate,,,
1590-11350-d00060|Methotrexate LPF Sodium (methotrexate),,,
1477-0-d00061|lithium,,,
1477-16548-d00061|Lithium Carbonate ER (lithium),,,
639-0-d00064|chlorpromazine,,,
1138-0-d00065|foscarnet,,,
1157-0-d00066|ganciclovir,,,
1158-0-d03986|ganciclovir ophthalmic,,,
2285-0-d04755|valganciclovir,,,
303-0-d00067|aztreonam,,,
1033-0-d00068|ethambutol,,,
2206-0-d00069|tobramycin,,,
2207-0-d03222|tobramycin ophthalmic,,,
817-0-d03536|dexamethasone/tobramycin ophthalmic,,,
1491-0-d05425|loteprednol/tobramycin ophthalmic,,,
1146-0-d00070|furosemide,,,
1096-0-d00071|fluconazole,,,
545-0-d00072|cefixime,,,
553-0-d00073|cefprozil,,,
763-0-d00079|cyclosporine,,,
764-0-d04836|cyclosporine ophthalmic,,,
539-0-d00080|cefadroxil,,,
538-0-d00081|cefaclor,,,
2286-0-d00083|valproic acid,,,
1933-0-d00084|prednisolone,,,
1934-0-d03221|prednisolone ophthalmic,,,
1935-0-d03541|prednisolone/sulfacetamide sodium ophthalmic,,,
1607-0-d00293|methylprednisolone,,,
3353-0-d00623|methylprednisolone topical,,,
3936-0-d08821|bromfenac/gatifloxacin/prednisolone ophthalmic,,,
4396-0-d09911|bromfenac/moxifloxacin/prednisolone ophthalmic,,,
3937-0-d08822|bromfenac/prednisolone ophthalmic,,,
3943-0-d07981|gatifloxacin/prednisolone ophthalmic,,,
1608-0-d03559|methylprednisolone/neomycin topical,,,
4139-0-d09488|moxifloxacin/nepafenac/prednisolone ophthalmic,,,
4415-0-d09935|moxifloxacin/prednisolone ophthalmic,,,
1705-0-d03533|neomycin/polymyxin b/prednisolone ophthalmic,,,
1607-3549-d00293|MethylPREDNISolone Dose Pack (methylprednisolone),,,
1607-3548-d00293|M-Prednisolone (methylprednisolone),,,
2009-0-d00085|ribavirin,,,
1356-0-d04321|interferon alfa-2b/ribavirin,,,
148-0-d00086|amantadine,,,
187-0-d00088|amoxicillin,,,
189-0-d00089|amoxicillin/clavulanate,,,
3408-0-d05399|amoxicillin/clarithromycin/omeprazole,,,
4098-0-d09512|amoxicillin/omeprazole/rifabutin,,,
4361-0-d09904|amoxicillin/clarithromycin/vonoprazan,,,
4362-0-d09905|amoxicillin/vonoprazan,,,
188-0-d04272|amoxicillin/clarithromycin/lansoprazole,,,
300-0-d00091|azithromycin,,,
300-3059-d00091|Azithromycin Dose Pack (azithromycin),,,
301-0-d06851|azithromycin ophthalmic,,,
302-0-d04381|azithromycin/trovafloxacin,,,
552-0-d00095|cefpodoxime,,,
564-0-d00096|cephalexin,,,
685-0-d00097|clarithromycin,,,
781-0-d00098|dapsone,,,
782-0-d05543|dapsone topical,,,
4213-0-d09646|dapsone/niacinamide topical,,,
4214-0-d09647|dapsone/niacinamide/spironolactone topical,,,
1199-0-d00100|griseofulvin,,,
1393-0-d00101|isoniazid,,,
1406-0-d00102|itraconazole,,,
1412-0-d00103|ketoconazole,,,
1413-0-d03202|ketoconazole topical,,,
2801-0-d07074|ketoconazole/pyrithione zinc topical,,,
4330-0-d09845|levoketoconazole,,,
4219-0-d09652|hydrocortisone/iodoquinol/ketoconazole topical,,,
2904-0-d07698|hydrocortisone/ketoconazole topical,,,
1582-0-d00106|methenamine,,,
4187-0-d09610|methenamine/sodium salicylate,,,
1583-0-d03513|methenamine/sodium acid phosphate,,,
1584-0-d03512|methenamine/sodium biphosphate,,,
3594-0-d08274|hyoscyamine/methenamine/methylene blue/phenyl salicylate/sodium biphosphate,,,
3780-0-d08485|benzoic acid/hyoscyamine/methenamine/methylene blue/phenyl salicylate,,,
350-0-d03517|benzoic acid/methenamine/sodium salicylate,,,
1305-0-d03515|hyoscyamine/methenamine,,,
1306-0-d03618|hyoscyamine/methenamine/methylene blue/phenyl salicylate,,,
3308-0-d07726|hyoscyamine/methenamine/methylene blue/sodium biphosphate,,,
1617-0-d00108|metronidazole,,,
1618-0-d03208|metronidazole topical,,,
4220-0-d09666|ivermectin/metronidazole/niacinamide topical,,,
1636-0-d00110|minocycline,,,
1637-0-d04761|minocycline topical,,,
1724-0-d00112|nitrofurantoin,,,
1731-0-d00113|norfloxacin,,,
1732-0-d03223|norfloxacin ophthalmic,,,
1741-0-d00114|ofloxacin,,,
1742-0-d03977|ofloxacin ophthalmic,,,
1743-0-d04265|ofloxacin otic,,,
1457-0-d04109|levofloxacin,,,
1458-0-d04707|levofloxacin ophthalmic,,,
3610-17218-d07730|Penicillin VK (penicillin v potassium),,,
3125-17778-d07390|Penicillin G Procaine (procaine penicillin),,,
3610-0-d07730|penicillin v potassium,,,
3607-0-d07727|penicillin g benzathine,,,
3609-0-d07729|penicillin g potassium,,,
3608-0-d07728|penicillin g sodium,,,
3679-0-d07389|penicillin g benzathine/procaine penicillin,,,
3125-0-d07390|procaine penicillin,,,
1970-0-d00117|pyrazinamide,,,
2125-0-d00118|sulfadiazine,,,
2064-0-d01259|silver sulfadiazine topical,,,
2127-0-d00119|sulfamethoxazole,,,
2128-0-d00124|sulfamethoxazole/trimethoprim,,,
1836-0-d03511|phenazopyridine/sulfamethoxazole,,,
2192-0-d00121|ticarcillin,,,
686-0-d00122|clavulanate/ticarcillin,,,
2250-0-d00123|trimethoprim,,,
1896-0-d03529|polymyxin b/trimethoprim ophthalmic,,,
2289-0-d00125|vancomycin,,,
10-0-d00128|acebutolol,,,
1253-0-d00132|hydralazine,,,
1254-6835-d03257|HydrALAZINE Plus (hydralazine/hydrochlorothiazide),,,
1254-0-d03257|hydralazine/hydrochlorothiazide,,,
1256-0-d05540|hydralazine/isosorbide dinitrate,,,
1255-0-d03256|hydralazine/hydrochlorothiazide/reserpine,,,
1603-0-d00133|methyldopa,,,
1261-0-d03263|hydrochlorothiazide/methyldopa,,,
595-0-d03778|chlorothiazide/methyldopa,,,
1615-0-d00134|metoprolol,,,
1615-14142-d00134|Metoprolol Succinate ER (metoprolol),,,
1615-16311-d00134|Metoprolol Tartrate (metoprolol),,,
1262-0-d03264|hydrochlorothiazide/metoprolol,,,
1638-0-d00135|minoxidil,,,
1639-0-d03203|minoxidil topical,,,
1726-0-d00136|nitroprusside,,,
1873-0-d00137|pindolol,,,
1931-0-d00138|prazosin,,,
1898-0-d03268|polythiazide/prazosin,,,
2196-0-d00139|timolol,,,
2197-0-d04037|timolol ophthalmic,,,
3934-0-d08831|brimonidine/dorzolamide/latanoprost/timolol ophthalmic,,,
3935-0-d08829|brimonidine/dorzolamide/timolol ophthalmic,,,
2790-0-d05283|brimonidine/timolol ophthalmic,,,
3942-0-d08830|dorzolamide/latanoprost/timolol ophthalmic,,,
931-0-d04303|dorzolamide/timolol ophthalmic,,,
1270-0-d03260|hydrochlorothiazide/timolol,,,
3945-0-d04833|latanoprost/timolol ophthalmic,,,
669-0-d00140|cimetidine,,,
4295-0-d09778|cimetidine/lidocaine/salicylic acid topical,,,
669-18397-d00140|Acid Reducer-Cimetidine (cimetidine),,,
1066-0-d00141|famotidine,,,
467-0-d04723|calcium carbonate/famotidine/magnesium hydroxide,,,
1066-18398-d00141|Acid Reducer-Famotidine (famotidine),,,
2177-0-d00142|theophylline,,,
1918-6882-d03277|Theophylline KI (potassium iodide/theophylline),,,
986-0-d03280|ephedrine/phenobarbital/theophylline,,,
1214-0-d03273|guaifenesin/theophylline,,,
983-0-d03282|ephedrine/guaifenesin/theophylline,,,
984-0-d03283|ephedrine/hydroxyzine/theophylline,,,
985-0-d03287|ephedrine/phenobarbital/potassium iodide/theophylline,,,
1918-0-d03277|potassium iodide/theophylline,,,
1863-0-d00143|phenytoin,,,
1863-15957-d00143|Phenytoin Sodium (phenytoin),,,
1863-15956-d00143|Phenytoin Sodium, Extended Release (phenytoin),,
1863-3165-d00143|Phenytoin Sodium, Prompt (phenytoin),,
1142-0-d04041|fosphenytoin,,,
1560-0-d00941|mephenytoin,,,
1734-0-d00144|nortriptyline,,,
802-0-d00145|desipramine,,,
168-0-d00146|amitriptyline,,,
169-0-d03462|amitriptyline/chlordiazepoxide,,,
170-0-d03463|amitriptyline/perphenazine,,,
862-0-d00148|diazepam,,,
862-439-d00148|Diazepam Intensol (diazepam),,,
1488-0-d00149|lorazepam,,,
1488-15120-d00149|Lorazepam Intensol (lorazepam),,,
728-0-d00150|colchicine,,,
873-0-d00153|dicloxacillin,,,
1625-0-d00155|miconazole,,,
1626-0-d03195|miconazole topical,,,
1627-0-d05753|miconazole/zinc oxide topical,,,
86-0-d00161|acetazolamide,,,
133-0-d00168|alprazolam,,,
133-53-d00168|Alprazolam Intensol (alprazolam),,,
154-0-d00169|amiloride,,,
155-0-d03193|amiloride/hydrochlorothiazide,,,
243-0-d00170|aspirin,,,
243-3197-d00170|Aspirin Low Strength (aspirin),,,
141-9835-d03883|Aspirin Buffered (aluminum hydroxide/aspirin/calcium carbonate/magnesium hydroxide),,,
243-3229-d00170|Aspirin Lite Coat (aspirin),,,
246-0-d03457|aspirin/butalbital/caffeine,,,
248-0-d03449|aspirin/caffeine,,,
262-0-d04497|aspirin/dipyridamole,,,
263-0-d03429|aspirin/hydrocodone,,,
3765-0-d08477|aspirin/omeprazole,,,
266-0-d03432|aspirin/oxycodone,,,
269-0-d04883|aspirin/pravastatin,,,
265-0-d03468|aspirin/methocarbamol,,,
250-0-d03472|aspirin/caffeine/orphenadrine,,,
254-0-d03470|aspirin/carisoprodol/codeine,,,
253-0-d03469|aspirin/carisoprodol,,,
259-0-d03424|aspirin/codeine,,,
244-0-d03351|aspirin/brompheniramine/dextromethorphan/phenylpropanolamine,,,
245-0-d03458|aspirin/butalbital,,,
249-0-d03430|aspirin/caffeine/dihydrocodeine,,,
280-0-d00174|atropine,,,
281-13505-d03212|Atropine-Care (atropine ophthalmic),,,
281-0-d03212|atropine ophthalmic,,,
286-0-d03506|atropine/diphenoxylate,,,
288-0-d03485|atropine/hyoscyamine/phenobarbital/scopolamine,,,
2398-0-d07677|atropine/pralidoxime,,,
282-0-d03339|atropine/chlorpheniramine/hyoscyamine/phenylephrine/phenylpropanolamine/scopolamine,,,
283-0-d04872|atropine/chlorpheniramine/hyoscyamine/phenylephrine/scopolamine,,,
284-0-d06648|atropine/chlorpheniramine/hyoscyamine/pseudoephedrine/scopolamine,,,
285-0-d03505|atropine/difenoxin,,,
287-0-d04020|atropine/edrophonium,,,
289-0-d03490|atropine/phenobarbital,,,
1248-0-d03340|homatropine/hydrocodone,,,
1247-0-d01199|homatropine ophthalmic,,,
281-131-d03212|Isopto Atropine (atropine ophthalmic),,,
1247-2126-d01199|Isopto Homatropine (homatropine ophthalmic),,,
363-0-d00175|benztropine,,,
414-0-d00178|bromocriptine,,,
433-0-d00179|bumetanide,,,
434-0-d00180|bupivacaine,,,
435-0-d03783|bupivacaine/epinephrine,,,
3370-0-d07813|bupivacaine liposome,,,
436-0-d04852|bupivacaine/fentanyl,,,
4259-0-d09770|bupivacaine/meloxicam,,,
437-0-d04887|bupivacaine/hydromorphone,,,
4174-0-d09580|bupivacaine/ketamine/ketorolac,,,
3761-0-d08447|bupivacaine/sufentanil,,,
1452-0-d04449|levobupivacaine,,,
440-0-d00181|bupropion,,,
3559-0-d08288|bupropion/naltrexone,,,
4384-0-d09910|bupropion/dextromethorphan,,,
441-0-d00182|buspirone,,,
513-0-d00184|carbidopa,,,
515-0-d03473|carbidopa/levodopa,,,
514-0-d04877|carbidopa/entacapone/levodopa,,,
525-0-d00185|carboplatin,,,
525-3242-d00185|Carboplatin Novaplus (carboplatin),,,
585-0-d00189|chlordiazepoxide,,,
586-0-d03492|chlordiazepoxide/clidinium,,,
587-0-d05416|chlordiazepoxide/methscopolamine,,,
594-0-d00190|chlorothiazide,,,
596-0-d03250|chlorothiazide/reserpine,,,
1257-0-d00253|hydrochlorothiazide,,,
1259-0-d03266|hydrochlorothiazide/lisinopril,,,
1260-0-d03830|hydrochlorothiazide/losartan,,,
1271-0-d03052|hydrochlorothiazide/triamterene,,,
1272-0-d04293|hydrochlorothiazide/valsartan,,,
394-0-d03744|bisoprolol/hydrochlorothiazide,,,
1258-0-d04245|hydrochlorothiazide/irbesartan,,,
333-0-d03265|benazepril/hydrochlorothiazide,,,
488-0-d04711|candesartan/hydrochlorothiazide,,,
1264-0-d04878|hydrochlorothiazide/olmesartan,,,
3246-0-d07668|amlodipine/hydrochlorothiazide/olmesartan,,,
1269-0-d04737|hydrochlorothiazide/telmisartan,,,
3130-0-d07440|amlodipine/hydrochlorothiazide/valsartan,,,
604-0-d00191|chlorpheniramine,,,
604-3260-d00191|Chlorpheniramine (Allergy) (chlorpheniramine),,,
631-0-d03300|chlorpheniramine/phenylephrine,,,
622-0-d03356|chlorpheniramine/hydrocodone,,,
627-0-d03338|chlorpheniramine/methscopolamine/phenylephrine,,,
614-0-d03370|chlorpheniramine/dextromethorphan/pseudoephedrine,,,
629-0-d03911|chlorpheniramine/methscopolamine/pseudoephedrine,,,
637-0-d03299|chlorpheniramine/phenylpropanolamine,,,
605-0-d05303|chlorpheniramine/codeine,,,
3355-0-d07912|chlorpheniramine/codeine/phenylephrine,,,
606-0-d03376|chlorpheniramine/codeine/phenylephrine/phenylpropanolamine,,,
607-0-d03399|chlorpheniramine/codeine/phenylephrine/potassium iodide,,,
608-0-d03362|chlorpheniramine/codeine/pseudoephedrine,,,
609-0-d03359|chlorpheniramine/dextromethorphan,,,
2936-0-d07081|chlorpheniramine/dextromethorphan/guaifenesin/methscopolamine/phenylephrine,,,
610-0-d03419|chlorpheniramine/dextromethorphan/guaifenesin/phenylephrine,,,
611-0-d05766|chlorpheniramine/dextromethorphan/methscopolamine,,,
612-0-d03369|chlorpheniramine/dextromethorphan/phenylephrine,,,
613-0-d03344|chlorpheniramine/dextromethorphan/phenylpropanolamine,,,
615-0-d04904|chlorpheniramine/dihydrocodeine/phenylephrine,,,
642-0-d00192|chlorthalidone,,,
644-0-d03249|chlorthalidone/reserpine,,,
3362-0-d07818|azilsartan medoxomil/chlorthalidone,,,
648-0-d00193|cholestyramine,,,
648-3266-d00193|Cholestyramine Light (cholestyramine),,,
678-0-d00195|cisplatin,,,
703-0-d00197|clonazepam,,,
706-0-d00198|clorazepate,,,
709-0-d00199|clozapine,,,
709-3271-d00199|Clozapine Synthon (clozapine),,,
751-0-d00200|cromolyn,,,
2872-0-d04394|cromolyn nasal,,,
752-0-d00765|cromolyn ophthalmic,,,
810-0-d00206|dexamethasone,,,
810-13612-d00206|Dexamethasone Intensol (dexamethasone),,,
3100-0-d04234|dexamethasone nasal,,,
812-0-d03968|dexamethasone ophthalmic,,,
3135-0-d04891|dexamethasone otic,,,
811-0-d00626|dexamethasone topical,,,
3939-0-d08823|dexamethasone/gatifloxacin ophthalmic,,,
3940-0-d08826|dexamethasone/ketorolac/moxifloxacin,,,
4283-0-d09766|dexamethasone/ketorolac/moxifloxacin ophthalmic,,,
813-0-d04237|dexamethasone/lidocaine,,,
3941-0-d08825|dexamethasone/moxifloxacin,,,
4284-0-d08011|dexamethasone/moxifloxacin ophthalmic,,,
814-0-d03535|dexamethasone/neomycin ophthalmic,,,
815-0-d03969|dexamethasone/neomycin topical,,,
816-0-d03537|dexamethasone/neomycin/polymyxin b ophthalmic,,,
844-0-d00207|dextromethorphan,,,
844-3318-d00207|Dextromethorphan HBr Adult Formula (dextromethorphan),,,
846-0-d03400|dextromethorphan/guaifenesin,,,
847-0-d03408|dextromethorphan/guaifenesin/phenylephrine,,,
852-0-d05814|dextromethorphan/phenylephrine,,,
856-0-d03360|dextromethorphan/promethazine,,,
3281-0-d07707|dextromethorphan/quinidine,,,
3432-0-d07916|dextromethorphan/menthol,,,
3494-0-d06235|dextromethorphan/pyrilamine,,,
845-0-d05877|dextromethorphan/diphenhydramine/phenylephrine,,,
2950-0-d07550|dextromethorphan/doxylamine,,,
3315-0-d07748|dextromethorphan/doxylamine/pseudoephedrine,,,
848-0-d03411|dextromethorphan/guaifenesin/phenylpropanolamine,,,
849-0-d05119|dextromethorphan/guaifenesin/potassium guaiacolsulfonate,,,
850-0-d03409|dextromethorphan/guaifenesin/pseudoephedrine,,,
4355-0-d09859|dextromethorphan/hexylresorcinol,,,
851-0-d05384|dextromethorphan/pheniramine/phenylephrine,,,
853-0-d03371|dextromethorphan/phenylephrine/pyrilamine,,,
3493-0-d08112|dextromethorphan/phenylephrine/thonzylamine,,,
3597-0-d08420|dextromethorphan/phenylephrine/triprolidine,,,
881-0-d00208|diflunisal,,,
883-0-d00210|digoxin,,,
884-0-d01410|digoxin immune fab,,,
886-0-d00211|dihydroergotamine,,,
896-0-d00212|diphenhydramine,,,
897-0-d03760|diphenhydramine topical,,,
902-0-d04861|diphenhydramine/phenylephrine,,,
903-0-d03312|diphenhydramine/pseudoephedrine,,,
3176-0-d07469|diphenhydramine/guaifenesin,,,
898-0-d04925|diphenhydramine/hydrocodone/phenylephrine,,,
899-0-d04439|diphenhydramine/hydrocortisone topical,,,
3306-0-d07723|diphenhydramine/hydrocortisone/nystatin topical,,,
3221-0-d07491|diphenhydramine/lidocaine/nystatin topical,,,
901-0-d04175|diphenhydramine/magnesium salicylate,,,
904-0-d04174|diphenhydramine/tripelennamine topical,,,
905-0-d05216|diphenhydramine/zinc acetate topical,,,
65-0-d05654|acetaminophen/diphenhydramine/phenylephrine,,,
3587-0-d08310|acetaminophen/aspirin/diphenhydramine,,,
51-0-d05495|acetaminophen/dextromethorphan/diphenhydramine,,,
4207-0-d09673|acetaminophen/dextromethorphan/diphenhydramine/guaifenesin/phenylephrine,,,
914-0-d00213|dipyridamole,,,
935-0-d00217|doxepin,,,
936-0-d03774|doxepin topical,,,
998-0-d00223|epoetin alfa,,,
784-0-d04771|darbepoetin alfa,,,
1049-0-d00227|ethosuximide,,,
1069-0-d00231|felodipine,,,
1074-0-d00233|fentanyl,,,
1074-12916-d00233|Fentanyl Transdermal System (fentanyl),,,
1075-0-d05431|fentanyl/ropivacaine,,,
945-0-d03464|droperidol/fentanyl,,,
1094-0-d00234|flecainide,,,
1113-0-d00235|fluorouracil,,,
1114-0-d03204|fluorouracil topical,,,
3622-0-d08352|diclofenac/fluorouracil topical,,,
1115-0-d00236|fluoxetine,,,
1116-0-d04917|fluoxetine/olanzapine,,,
1118-0-d00237|fluphenazine,,,
1120-0-d00238|flurazepam,,,
1123-0-d00240|flutamide,,,
1129-0-d00241|folic acid,,,
1661-13834-d03140|Folic Acid XTRA (multivitamin),,,
3741-0-d08415|folic acid/lactobacillus casei,,,
1078-0-d03954|ferrous fumarate/folic acid,,,
1083-0-d04163|ferrous sulfate/folic acid,,,
3431-0-d07917|calcium/folic acid/ginger/pyridoxine,,,
3740-0-d08098|cholecalciferol/folic acid,,,
3593-0-d08317|ethinyl estradiol/folic acid/levonorgestrel,,,
1079-0-d05806|ferrous fumarate/folic acid/iron polysaccharide,,,
755-0-d06653|cyanocobalamin/folic acid/pyridoxine/strontium gluconate,,,
1078-9961-d03954|Hematinic with Folic Acid (ferrous fumarate/folic acid),,,
1083-10275-d04163|Slow Fe with Folic Acid (ferrous sulfate/folic acid),,,
1663-6048-d03141|Generet-500 with Folic Acid (multivitamin with iron),,,
1140-0-d00242|fosinopril,,,
1141-0-d04539|fosinopril/hydrochlorothiazide,,,
1165-0-d00245|gemfibrozil,,,
1179-0-d00246|glipizide,,,
1179-3473-d00246|GlipiZIDE XL (glipizide),,,
1180-0-d04823|glipizide/metformin,,,
1185-0-d00248|glyburide,,,
1186-0-d04703|glyburide/metformin,,,
1235-0-d00252|heparin,,,
1235-11326-d00252|Heparin Sodium (heparin),,,
3113-13712-d07385|Heparin Lock Flush (heparin flush),,,
3113-0-d07385|heparin flush,,,
1268-0-d03247|hydrochlorothiazide/spironolactone,,,
1266-0-d04509|hydrochlorothiazide/quinapril,,,
1263-0-d04141|hydrochlorothiazide/moexipril,,,
1267-0-d03251|hydrochlorothiazide/reserpine,,,
2379-0-d00254|hydrocortisone,,,
2378-14120-d03205|Hydrocortisone 1% In Absorbase (hydrocortisone topical),,,
2378-14121-d03205|Hydrocortisone with Aloe (hydrocortisone topical),,,
2378-0-d03205|hydrocortisone topical,,,
4217-0-d09665|hydrocortisone/hydroquinone topical,,,
4218-0-d07527|hydrocortisone/hydroquinone/tretinoin topical,,,
1282-0-d04093|hydrocortisone/iodoquinol topical,,,
2510-0-d04765|hydrocortisone/lidocaine topical,,,
2942-0-d07125|hydrocortisone/lidocaine/psyllium topical,,,
1283-0-d03555|hydrocortisone/neomycin topical,,,
1285-0-d04095|hydrocortisone/neomycin/polymyxin b ophthalmic,,,
1284-0-d03543|hydrocortisone/neomycin/polymyxin b otic,,,
1286-0-d04197|hydrocortisone/neomycin/polymyxin b topical,,,
1288-0-d03544|hydrocortisone/polymyxin b otic,,,
1289-0-d03546|hydrocortisone/pramoxine topical,,,
3116-0-d07387|hydrocortisone/salicylic acid/sulfur topical,,,
1290-0-d04688|hydrocortisone/urea topical,,,
1294-0-d00255|hydromorphone,,,
3674-0-d08361|hydromorphone/ropivacaine,,,
1206-0-d03397|guaifenesin/hydromorphone,,,
1323-0-d00259|imipramine,,,
2252-0-d00873|trimipramine,,,
1327-0-d00260|indapamide,,,
1340-0-d00262|insulin,,,
1347-10449-d04370|Insulin Purified NPH Pork (insulin isophane),,,
1344-0-d04538|insulin glargine,,,
1349-0-d04373|insulin lispro,,,
1341-0-d04697|insulin aspart,,,
1351-0-d04369|insulin regular,,,
1343-0-d05436|insulin detemir,,,
3693-0-d08054|insulin degludec,,,
1347-0-d04370|insulin isophane,,,
1345-0-d05278|insulin glulisine,,,
1350-0-d04510|insulin lispro/insulin lispro protamine,,,
1342-0-d04839|insulin aspart/insulin aspart protamine,,,
3775-0-d08311|insulin degludec/liraglutide,,,
3776-0-d08501|insulin glargine/lixisenatide,,,
1348-0-d04374|insulin isophane/insulin regular,,,
1346-0-d05765|insulin inhalation, rapid acting,,
3694-0-d08385|insulin aspart/insulin degludec,,,
2766-0-d04511|insulin lispro protamine,,,
1353-0-d04372|insulin zinc extended,,,
2341-0-d04838|insulin aspart protamine,,,
1382-0-d00265|ipratropium,,,
1382-14455-d00265|Ipratropium Inhalation Solution (ipratropium),,,
1382-14456-d00265|Ipratropium Inhalation Aerosol (ipratropium),,,
2461-0-d04235|ipratropium nasal,,,
110-0-d04066|albuterol/ipratropium,,,
1400-0-d00268|isosorbide dinitrate,,,
1401-0-d00269|isosorbide mononitrate,,,
1415-0-d00273|ketorolac,,,
1416-0-d03214|ketorolac ophthalmic,,,
3534-0-d08267|ketorolac/phenylephrine ophthalmic,,,
3991-0-d09123|ketorolac/phenylephrine/proparacaine/tropicamide ophthalmic,,,
4308-0-d09793|cyclopentolate/ketorolac/phenylephrine/proparacaine/tropicamide ophthalmic,,,
3938-0-d08811|cyclopentolate/ketorolac/phenylephrine/tropicamide ophthalmic,,,
1444-0-d00275|leucovorin,,,
4302-0-d09807|leucovorin/pyrimethamine,,,
2824-0-d05842|levoleucovorin,,,
1463-0-d00278|levothyroxine,,,
1470-0-d00279|lincomycin,,,
1492-0-d00280|lovastatin,,,
1493-0-d04787|lovastatin/niacin,,,
1542-0-d00283|meclofenamate,,,
1543-0-d00284|medroxyprogesterone,,,
1021-0-d04721|estradiol/medroxyprogesterone,,,
739-0-d03819|conjugated estrogens/medroxyprogesterone,,,
1545-0-d00285|mefenamic acid,,,
1546-0-d00286|mefloquine,,,
1565-0-d00289|mercaptopurine,,,
1586-0-d00290|methimazole,,,
1612-0-d00298|metoclopramide,,,
1614-0-d00299|metolazone,,,
1621-0-d00300|mexiletine,,,
1641-0-d00303|misoprostol,,,
872-0-d04271|diclofenac/misoprostol,,,
1656-0-d00308|morphine,,,
1656-14372-d00308|Morphine Sulfate ER (morphine),,,
1656-3572-d00308|Morphine Sulfate IR (morphine),,,
1656-14583-d00308|Morphine Sulfate SR (morphine),,,
1656-3577-d00308|Morphine LP Epidural (morphine),,,
1656-3570-d00308|Morphine Rapi-Ject (morphine),,,
3166-0-d07472|morphine/naltrexone,,,
1657-0-d05295|morphine liposomal,,,
224-0-d04991|apomorphine,,,
1674-0-d00310|nabumetone,,,
1682-0-d00311|naloxone,,,
3545-0-d07394|naloxone/oxycodone,,,
1683-0-d03676|naloxone/pentazocine,,,
439-0-d04819|buprenorphine/naloxone,,,
1701-0-d00312|neomycin,,,
1702-0-d03224|neomycin topical,,,
1703-0-d03526|neomycin/polymyxin b topical,,,
1704-0-d04431|neomycin/polymyxin b/pramoxine topical,,,
308-0-d04198|bacitracin/diperodon/neomycin/polymyxin b topical,,,
309-0-d03963|bacitracin/hydrocortisone/neomycin/polymyxin b ophthalmic,,,
310-0-d04196|bacitracin/hydrocortisone/neomycin/polymyxin b topical,,,
311-0-d03550|bacitracin/lidocaine/neomycin/polymyxin b topical,,,
313-0-d03964|bacitracin/neomycin/polymyxin b ophthalmic,,,
312-0-d03524|bacitracin/neomycin/polymyxin b topical,,,
314-0-d04430|bacitracin/neomycin/polymyxin b/pramoxine topical,,,
734-0-d04192|colistin sulfate/hydrocortisone/neomycin/thonzonium bromide otic,,,
3561-0-d05126|fluocinolone/neomycin topical,,,
1196-0-d03525|gramicidin/neomycin/polymyxin b ophthalmic,,,
1711-0-d00314|niacin,,,
1339-799-d00496|Niacin Flush Free (inositol),,,
1339-800-d00496|Niacinol (inositol),,,
1711-3589-d00314|Niacin SR (niacin),,,
1712-0-d03739|niacinamide,,,
4196-0-d09622|niacinamide topical,,,
2797-0-d07110|niacin/simvastatin,,,
4197-0-d09643|niacinamide/spironolactone topical,,,
4198-0-d09644|niacinamide/spironolactone/tretinoin topical,,,
4199-0-d09639|niacinamide/sulfacetamide sodium topical,,,
4200-0-d09641|niacinamide/tazarotene topical,,,
4191-0-d09623|niacinamide/tretinoin topical,,,
4269-0-d09744|adapalene/benzoyl peroxide/niacinamide topical,,,
4195-0-d09628|clobetasol/niacinamide topical,,,
1713-0-d00315|nicardipine,,,
1716-0-d00316|nicotine,,,
1711-3593-d00314|Nicotinex (niacin),,,
1716-13583-d00316|Leader Nicotine Polacrilex (nicotine),,,
2342-0-d00321|nitroglycerin,,,
1727-0-d00322|nizatidine,,,
1750-0-d00325|omeprazole,,,
1751-0-d05770|omeprazole/sodium bicarbonate,,,
1015-0-d04749|esomeprazole,,,
1768-0-d00328|oxybutynin,,,
1770-0-d00329|oxycodone,,,
3762-0-d08474|naltrexone/oxycodone,,,
1814-0-d00333|penicillamine,,,
1826-0-d00336|pentoxifylline,,,
1835-0-d00337|phenazopyridine,,,
1837-0-d04153|phenazopyridine/sulfisoxazole,,,
444-0-d04393|butabarbital/hyoscyamine/phenazopyridine,,,
1846-0-d00340|phenobarbital,,,
330-0-d03495|belladonna/ergotamine/phenobarbital,,,
163-0-d03285|aminophylline/ephedrine/guaifenesin/phenobarbital,,,
164-0-d03286|aminophylline/ephedrine/phenobarbital/potassium iodide,,,
953-0-d03288|dyphylline/ephedrine/guaifenesin/phenobarbital,,,
1307-0-d03494|hyoscyamine/phenobarbital,,,
1307-8730-d03494|Levsin with Phenobarbital (hyoscyamine/phenobarbital),,,
1881-0-d00343|piroxicam,,,
1776-8812-d03528|Terramycin with Polymyxin B Sulfate (oxytetracycline/polymyxin b ophthalmic),,,
1912-0-d00345|potassium chloride,,,
1499-14336-d04129|Potassium Chloride in Sodium Chloride (lvp solution with potassium),,,
1913-0-d04241|potassium chloride/sodium chloride,,,
386-0-d05349|bisacodyl/polyethylene glycol 3350/potassium chloride/sodium bicarbonate/sodium chloride,,,
4202-0-d09681|magnesium sulfate/potassium chloride/sodium sulfate,,,
1908-0-d03960|potassium bicarbonate/potassium chloride,,,
1912-3677-d00345|K-Vescent (Potassium Chloride) (potassium chloride),,,
2773-0-d00346|povidone iodine topical,,,
347-0-d03691|benzocaine/phenol/povidone iodine topical,,,
1929-0-d00348|pravastatin,,,
1930-0-d00349|praziquantel,,,
1936-0-d00350|prednisone,,,
1940-0-d00352|primidone,,,
1946-0-d00355|prochlorperazine,,,
1950-0-d00358|propafenone,,,
1955-0-d00360|propoxyphene,,,
251-8521-d03435|Propoxyphene Compound 65 (aspirin/caffeine/propoxyphene),,,
81-0-d03434|acetaminophen/propoxyphene,,,
251-0-d03435|aspirin/caffeine/propoxyphene,,,
1958-0-d00361|propylthiouracil,,,
1971-0-d00363|pyridostigmine,,,
1980-0-d00365|quinapril,,,
1982-0-d00366|quinine,,,
1739-0-d00370|octreotide,,,
2102-0-d00371|sotalol,,,
2102-3695-d00371|Sotalol Hydrochloride AF (sotalol),,,
2105-0-d00373|spironolactone,,,
2118-0-d00377|sucralfate,,,
2130-0-d00379|sulfasalazine,,,
2145-0-d00381|tamoxifen,,,
2145-3710-d00381|Tamoxifen Hexal (tamoxifen),,,
2153-0-d00384|temazepam,,,
2159-0-d00386|terazosin,,,
2186-0-d00391|thiothixene,,,
2209-0-d00393|tolazamide,,,
2228-0-d00395|trazodone,,,
2234-0-d00396|triamterene,,,
2235-0-d00397|triazolam,,,
2303-0-d00402|vitamin a,,,
1661-5977-d03140|Vitamin A, D (multivitamin),,
1661-6004-d03140|Vitamin A and D Concentrate (multivitamin),,,
2304-0-d04231|vitamin a ophthalmic,,,
3615-0-d06594|vitamin a topical,,,
2305-0-d03136|vitamin a & d topical,,,
1661-5970-d03140|Tender Age Vitamin ADC (multivitamin),,,
2306-0-d00405|vitamin e,,,
2307-0-d03233|vitamin e topical,,,
3550-0-d07115|ubiquinone/vitamin e,,,
969-16829-d03770|St Ives Cucumber, Melon and Vitamin E (emollients topical),,
969-16830-d03770|St Ives Hydrating Vitamin E (emollients topical),,,
1422-10165-d04090|Lactic Acid 10% with Vitamin E (lactic acid topical),,,
2306-3737-d00405|Centrum Singles-Vitamin E (vitamin e),,,
2010-0-d00409|riboflavin,,,
3764-0-d08180|riboflavin ophthalmic,,,
1972-0-d00412|pyridoxine,,,
3467-0-d04654|doxylamine/pyridoxine,,,
74-0-d04346|acetaminophen/pamabrom/pyridoxine,,,
3549-0-d08269|calcium carbonate/melatonin/pyridoxine,,,
3817-0-d08577|ginger/magnesium sulfate/pyridoxine,,,
4337-0-d09838|melatonin/pyridoxine,,,
754-0-d00413|cyanocobalamin,,,
3673-0-d08367|cyanocobalamin/methylcobalamin,,,
464-0-d00425|calcium carbonate,,,
470-0-d04290|calcium carbonate/magnesium hydroxide,,,
3384-0-d06649|calcium carbonate/magnesium chloride,,,
3209-0-d03867|calcium carbonate/fluoride,,,
469-0-d03593|calcium carbonate/magnesium carbonate,,,
471-0-d03480|calcium carbonate/magnesium hydroxide/simethicone,,,
2811-0-d08343|calcium carbonate/psyllium,,,
472-0-d05630|calcium carbonate/risedronate,,,
473-0-d03483|calcium carbonate/simethicone,,,
141-0-d03883|aluminum hydroxide/aspirin/calcium carbonate/magnesium hydroxide,,,
142-0-d03479|aluminum hydroxide/calcium carbonate/magnesium hydroxide/simethicone,,,
3286-0-d07693|aspirin/calcium carbonate,,,
4116-0-d09455|bacillus coagulans/calcium carbonate,,,
238-0-d00426|ascorbic acid,,,
238-3839-d00426|Ascorbic Acid Quick Melts (ascorbic acid),,,
3397-0-d07854|ascorbic acid/carbonyl iron,,,
3895-0-d08733|ascorbic acid/chondroitin/glucosamine/manganese sulfate,,,
4367-0-d09886|ascorbic acid/collagen,,,
239-0-d03946|ascorbic acid/ferrous fumarate,,,
240-0-d03149|ascorbic acid/ferrous sulfate,,,
241-0-d05470|ascorbic acid/iron polysaccharide,,,
2538-0-d00428|fluoride,,,
1110-13605-d04397|Fluoridex (fluoride topical),,,
1110-14448-d04397|Fluoridex Daily Defense (fluoride topical),,,
1110-14449-d04397|Fluoridex Daily Defense Enhanced Whitening (fluoride topical),,,
1110-10611-d04397|Fluoridex Whitening (fluoride topical),,,
1110-0-d04397|fluoride topical,,,
3889-0-d08487|fluoride/potassium nitrate topical,,,
3702-0-d07542|sodium fluoride f-18,,,
1662-0-d03143|multivitamin with fluoride,,,
3568-0-d05887|sulfur hexafluoride,,,
1664-0-d03660|multivitamin with iron and fluoride,,,
1110-10590-d04397|Phosphate Fluoride (fluoride topical),,,
1110-10594-d04397|ACT Fluoride Rinse (fluoride topical),,,
1110-10612-d04397|Neutral Sodium Fluoride Rinse (fluoride topical),,,
1110-19931-d04397|Topex Neutral Fluoride Foam (fluoride topical),,,
1662-6147-d03143|Multi Vita Bets and Fluoride (multivitamin with fluoride),,,
1662-14068-d03143|MVC-Fluoride (multivitamin with fluoride),,,
1662-6143-d03143|Poly Vitamin with Fluoride (multivitamin with fluoride),,,
1662-6148-d03143|Tri Vita-Bets with Fluoride (multivitamin with fluoride),,,
2410-0-d00438|sodium chloride,,,
2410-14145-d00438|Sodium Chloride, Inhalation (sodium chloride),,
2878-13272-d04128|Sodium Chloride Compound (lvp solution),,,
2949-0-d04242|sodium chloride nasal,,,
2411-0-d06270|sodium chloride topical,,,
2077-0-d03898|sodium chloride, hypertonic ophthalmic,,
841-5779-d03113|Dextran 40 in 0.9% Sodium Chloride (dextran, low molecular weight),,
841-5778-d03113|LMD with 0.9% Sodium Chloride (dextran, low molecular weight),,
2878-13231-d04128|Dextrose 3.75% and 0.225% Sodium Chloride (lvp solution),,,
2765-11859-d03114|Dextran 70 6% in 0.9% Sodium Chloride (dextran, high molecular weight),,
841-5782-d03113|Gentran 40 with 0.9% Sodium Chloride (dextran, low molecular weight),,
2878-13232-d04128|Dextrose 4% and 0.18% Sodium Chloride (lvp solution),,,
2075-0-d00440|sodium bicarbonate,,,
2076-0-d03601|sodium bicarbonate/sodium citrate,,,
2948-0-d07117|sodium bicarbonate/tartaric acid,,,
258-0-d03680|aspirin/citric acid/sodium bicarbonate,,,
3862-0-d08612|citric acid/potassium bicarbonate/sodium bicarbonate,,,
2938-0-d05502|citric acid/simethicone/sodium bicarbonate,,,
1910-0-d04185|potassium bicarbonate/sodium bicarbonate,,,
1911-0-d05809|potassium bitartrate/sodium bicarbonate,,,
1519-0-d00468|magnesium sulfate,,,
4099-0-d06132|magnesium sulfate topical,,,
3258-0-d09199|magnesium sulfate/potassium sulfate/sodium sulfate,,,
1366-0-d00485|iodine topical,,,
2496-0-d05269|cadexomer iodine topical,,,
1502-0-d00488|lysine,,,
365-0-d03692|benzylpenicilloyl-polylysine,,,
1502-14127-d00488|L-Lysine (lysine),,,
1454-0-d00491|levocarnitine,,,
1339-0-d00496|inositol,,,
1749-0-d00497|omega-3 polyunsaturated fatty acids,,,
4375-0-d09903|omega-3 polyunsaturated fatty acids/turmeric,,,
4370-0-d09887|omega-3 polyunsaturated fatty acids/ubiquinone,,,
4399-0-d09915|cholecalciferol/lutein/omega-3 polyunsaturated fatty acids/zeaxanthin,,,
4397-0-d09914|cholecalciferol/omega-3 polyunsaturated fatty acids,,,
3378-0-d07819|lactobacillus casei/omega-3 polyunsaturated fatty acids,,,
4030-0-d09325|lactobacillus rhamnosus gg/omega-3 polyunsaturated fatty acids,,,
1090-0-d00512|filgrastim,,,
1805-0-d04790|pegfilgrastim,,,
3415-0-d08181|tbo-filgrastim,,,
2224-0-d00529|tranexamic acid,,,
1019-0-d00537|estradiol,,,
1019-3912-d00537|Estradiol Patch (estradiol),,,
1019-3952-d00537|Estradiol G GAM (estradiol),,,
2422-0-d04210|estradiol topical,,,
3973-0-d08096|estradiol/progesterone,,,
1023-0-d04375|estradiol/norethindrone,,,
1022-0-d04341|estradiol/norethindrone topical,,,
1020-0-d04914|estradiol/levonorgestrel,,,
1024-0-d04506|estradiol/norgestimate,,,
4262-0-d09758|estradiol/norethindrone/relugolix,,,
1025-0-d03389|estradiol/testosterone,,,
947-0-d04760|drospirenone/ethinyl estradiol,,,
1044-0-d03238|ethinyl estradiol/norethindrone,,,
1045-0-d03781|ethinyl estradiol/norgestimate,,,
1042-0-d03242|ethinyl estradiol/levonorgestrel,,,
3235-0-d06272|dienogest/estradiol,,,
1039-0-d00229|ethinyl estradiol,,,
807-0-d03782|desogestrel/ethinyl estradiol,,,
1046-0-d03241|ethinyl estradiol/norgestrel,,,
2360-0-d00541|conjugated estrogens,,,
738-0-d04396|conjugated estrogens topical,,,
740-0-d04202|conjugated estrogens/meprobamate,,,
741-0-d03244|conjugated estrogens/methyltestosterone,,,
3491-0-d08133|bazedoxifene/conjugated estrogens,,,
738-13512-d04396|Synthetic Conjugated Estrogens A (conjugated estrogens topical),,,
1028-0-d00543|estropipate,,,
1029-0-d04211|estropipate topical,,,
2414-0-d00550|progesterone,,,
3455-0-d04213|progesterone topical,,,
1299-0-d00554|hydroxyprogesterone,,,
2414-13601-d00550|First Progesterone MC5 (progesterone),,,
2414-13579-d00550|Menopause Formula Progesterone (progesterone),,,
1299-3977-d00554|Hyprogesterone (hydroxyprogesterone),,,
2414-13600-d00550|First Progesterone MC10 (progesterone),,,
1730-0-d00555|norethindrone,,,
4157-0-d09572|elagolix/estradiol/norethindrone,,,
1569-0-d03240|mestranol/norethindrone,,,
3460-0-d07945|leuprolide/norethindrone,,,
1461-0-d00557|levonorgestrel,,,
2167-0-d00558|testosterone,,,
3459-0-d04273|testosterone topical,,,
1609-0-d00295|methyltestosterone,,,
1018-0-d03245|esterified estrogens/methyltestosterone,,,
2167-1416-d00558|Depo-Testosterone (testosterone),,,
2167-17509-d00558|FIRST-Testosterone (testosterone),,,
2167-4007-d00558|FIRST-Testosterone MC (testosterone),,,
1091-0-d00563|finasteride,,,
4323-0-d09934|finasteride/tadalafil,,,
1762-0-d00566|oxandrolone,,,
1685-0-d00568|nandrolone,,,
701-0-d00569|clomiphene,,,
656-0-d00572|chorionic gonadotropin (hcg),,,
2100-0-d00577|somatropin,,,
4294-0-d09797|lonapegsomatropin,,,
232-0-d00578|arginine,,,
232-4042-d00578|L-Arginine (arginine),,,
806-0-d00583|desmopressin,,,
1777-0-d00584|oxytocin,,,
1605-0-d00587|methylergonovine,,,
1181-0-d00593|glucagon,,,
4248-0-d09724|dasiglucagon,,,
2371-0-d00595|glucose,,,
1183-0-d04230|glucose ophthalmic,,,
1099-0-d04705|fludeoxyglucose f18,,,
292-0-d00820|aurothioglucose,,,
2371-12821-d00595|Insta-Glucose (glucose),,,
2371-2056-d00595|BD Glucose (glucose),,,
460-0-d00598|calcitonin,,,
1100-0-d00608|fludrocortisone,,,
748-0-d00609|cortisone,,,
92-0-d03625|acetic acid/hydrocortisone otic,,,
3379-0-d07816|aloe vera/hydrocortisone/iodoquinol topical,,,
3162-0-d07511|benzocaine/chloroxylenol/hydrocortisone otic,,,
357-0-d04081|benzoyl peroxide/hydrocortisone topical,,,
583-0-d03538|chloramphenicol/hydrocortisone/polymyxin b ophthalmic,,,
584-0-d04074|chlorcyclizine/hydrocortisone topical,,,
2499-0-d04076|chloroxylenol/hydrocortisone/pramoxine otic,,,
694-0-d03552|clioquinol/hydrocortisone topical,,,
695-0-d03553|clioquinol/hydrocortisone/pramoxine topical,,,
3291-0-d07704|diosmiplex/hydrocortisone/pramoxine topical,,,
2232-0-d00620|triamcinolone,,,
2400-0-d04233|triamcinolone nasal,,,
2799-0-d06619|triamcinolone ophthalmic,,,
2233-0-d03206|triamcinolone topical,,,
4292-0-d09799|dimethicone/triamcinolone topical,,,
3946-0-d08824|moxifloxacin/triamcinolone,,,
4285-0-d09767|moxifloxacin/triamcinolone ophthalmic,,,
1737-0-d03562|nystatin/triamcinolone topical,,,
2233-6653-d03206|Rx Triamcinolone (triamcinolone topical),,,
370-0-d00628|betamethasone,,,
371-0-d03197|betamethasone topical,,,
372-0-d05044|betamethasone/calcipotriene topical,,,
373-0-d03561|betamethasone/clotrimazole topical,,,
1032-0-d00649|ethacrynic acid,,,
2277-0-d00651|urea topical,,,
156-0-d04089|amino acids/urea topical,,,
182-0-d05774|ammonium lactate/urea topical,,,
360-0-d05238|benzoyl peroxide/urea topical,,,
2934-0-d06891|chlorophyllin copper complex/papain/urea topical,,,
1423-0-d04302|lactic acid/urea topical,,,
1791-0-d04191|papain/urea topical,,,
2040-0-d04900|salicylic acid/urea topical,,,
3718-0-d08391|sodium hyaluronate/urea topical,,,
2866-0-d07058|sulfacetamide sodium/sulfur/urea topical,,,
2124-0-d04912|sulfacetamide sodium/urea topical,,,
3159-0-d00652|glycerin,,,
3159-13951-d00652|Glycerin Suppositories Maximum Strength (glycerin),,,
969-12065-d03770|Glycerin with Rose Water (emollients topical),,,
1187-0-d03975|glycerin ophthalmic,,,
1188-0-d04229|glycerin otic,,,
2372-0-d04212|glycerin topical,,,
4175-0-d09595|glycerin/lidocaine/petrolatum/phenylephrine topical,,,
4176-0-d09599|glycerin/lidocaine/phenylephrine topical,,,
4368-0-d09889|glycerin/lidocaine/witch hazel topical,,,
4029-0-d09314|glycerin/petrolatum/phenylephrine/pramoxine topical,,,
1189-0-d03763|glycerin/phenol topical,,,
1190-0-d03764|glycerin/witch hazel topical,,,
3159-13954-d00652|Pedia-Lax Liquid Glycerin Suppositories (glycerin),,,
3159-13957-d00652|Colace Glycerin Suppositories (glycerin),,,
3159-13948-d00652|Fleet Glycerin Suppositories Adult (glycerin),,,
3159-13949-d00652|Fleet Glycerin Suppositories Pediatric (glycerin),,,
3159-13953-d00652|Pedia-Lax Glycerin Suppositories (glycerin),,,
3159-13950-d00652|Fleet Liquid Glycerin Suppositories (glycerin),,,
1399-0-d00653|isosorbide,,,
2189-0-d00655|thyroid desiccated,,,
1473-0-d00658|liothyronine,,,
3574-0-d08291|baclofen/flurbiprofen/lidocaine topical,,,
341-0-d05771|benzalkonium chloride/lidocaine topical,,,
3588-0-d08303|benzethonium chloride/lidocaine topical,,,
600-0-d04173|chloroxylenol/lidocaine topical,,,
4374-0-d09900|diclofenac/lidocaine topical,,,
172-0-d00689|amlodipine,,,
174-0-d03829|amlodipine/benazepril,,,
175-0-d06662|amlodipine/valsartan,,,
3178-0-d07498|amlodipine/telmisartan,,,
2397-0-d06905|amlodipine/olmesartan,,,
173-0-d05048|amlodipine/atorvastatin,,,
3595-0-d07533|amlodipine/perindopril,,,
3916-0-d08813|amlodipine/celecoxib,,,
4120-0-d08466|levamlodipine,,,
3262-0-d07678|aliskiren/amlodipine,,,
3290-0-d07725|aliskiren/amlodipine/hydrochlorothiazide,,,
989-0-d00699|epinephrine,,,
991-0-d03971|epinephrine ophthalmic,,,
990-0-d01181|epinephrine topical,,,
995-0-d04217|epinephrine/prilocaine,,,
992-0-d03997|epinephrine/etidocaine,,,
3471-0-d08072|epinephrine/lidocaine/tetracaine topical,,,
994-0-d03518|epinephrine/pilocarpine ophthalmic,,,
1729-0-d00323|norepinephrine,,,
3256-0-d07647|racepinephrine,,,
237-0-d04535|articaine/epinephrine,,,
619-0-d04079|chlorpheniramine/epinephrine,,,
993-11339-d03784|Xylocaine with Epinephrine (epinephrine/lidocaine),,,
435-9734-d03783|Marcaine HCl with Epinephrine (bupivacaine/epinephrine),,,
435-9735-d03783|Sensorcaine with Epinephrine (bupivacaine/epinephrine),,,
435-9733-d03783|Sensorcaine-MPF with Epinephrine (bupivacaine/epinephrine),,,
992-10035-d03997|Duranest-MPF-Epinephrine (epinephrine/etidocaine),,,
1853-0-d00704|phenylephrine,,,
1275-10268-d04152|Phenylephrine HD (hydrocodone/phenylephrine),,,
2529-0-d04186|phenylephrine nasal,,,
1854-0-d04135|phenylephrine ophthalmic,,,
2528-0-d04298|phenylephrine topical,,,
1857-0-d03317|phenylephrine/promethazine,,,
1855-0-d04879|phenylephrine/potassium guaiacolsulfonate,,,
1856-0-d04297|phenylephrine/pramoxine topical,,,
1858-0-d04446|phenylephrine/pyrilamine,,,
3495-0-d03270|phenylephrine/pyrilamine nasal,,,
1859-0-d03522|phenylephrine/scopolamine ophthalmic,,,
1860-0-d03540|phenylephrine/sulfacetamide sodium ophthalmic,,,
3480-0-d08091|phenylephrine/thonzylamine,,,
3318-0-d07753|phenylephrine/triprolidine,,,
4002-0-d04676|phenylephrine/tropicamide ophthalmic,,,
1861-0-d03677|phenylephrine/zinc sulfate ophthalmic,,,
422-0-d04905|brompheniramine/dextromethorphan/phenylephrine,,,
4164-0-d09571|pheniramine/phenylephrine,,,
1841-0-d03271|pheniramine/phenylephrine nasal,,,
393-0-d00709|bisoprolol,,,
1219-0-d00717|guanfacine,,,
934-0-d00726|doxazosin,,,
1989-0-d00728|ramipril,,,
332-0-d00730|benazepril,,,
1476-0-d00732|lisinopril,,,
1620-0-d00735|metyrosine,,,
2391-0-d00743|sodium polystyrene sulfonate,,,
731-0-d00744|colestipol,,,
2067-0-d00746|simvastatin,,,
3347-0-d07805|simvastatin/sitagliptin,,,
1063-0-d05348|ezetimibe/simvastatin,,,
109-0-d00749|albuterol,,,
1446-0-d04427|levalbuterol,,,
2162-0-d00752|terbutaline,,,
1880-0-d00755|pirbuterol,,,
326-0-d00760|beclomethasone,,,
2959-0-d04275|beclomethasone nasal,,,
1102-0-d00761|flunisolide,,,
2452-0-d04279|flunisolide nasal,,,
1964-0-d00769|pseudoephedrine,,,
82-6909-d03289|Pseudoephedrine Sinus (acetaminophen/pseudoephedrine),,,
638-15613-d03298|Pseudoephedrine Plus (chlorpheniramine/pseudoephedrine),,,
1966-0-d03316|pseudoephedrine/triprolidine,,,
3335-0-d07773|pseudoephedrine/pyrilamine,,,
1965-0-d03305|pseudoephedrine/terfenadine,,,
570-0-d04764|cetirizine/pseudoephedrine,,,
424-0-d03368|brompheniramine/dextromethorphan/pseudoephedrine,,,
1487-0-d03818|loratadine/pseudoephedrine,,,
430-0-d03301|brompheniramine/pseudoephedrine,,,
1087-0-d04270|fexofenadine/pseudoephedrine,,,
1213-0-d03379|guaifenesin/pseudoephedrine,,,
885-0-d04870|dihydrocodeine/guaifenesin/pseudoephedrine,,,
99-0-d03754|acrivastine/pseudoephedrine,,,
2920-0-d07300|chlophedianol/dexchlorpheniramine/pseudoephedrine,,,
1686-0-d00771|naphazoline ophthalmic,,,
212-0-d03620|antazoline/naphazoline ophthalmic,,,
2390-0-d00772|oxymetazoline nasal,,,
2174-0-d00773|tetrahydrozoline ophthalmic,,,
1923-0-d05459|povidone/tetrahydrozoline ophthalmic,,,
687-0-d00780|clemastine,,,
688-0-d03303|clemastine/phenylpropanolamine,,,
416-0-d00785|brompheniramine,,,
427-0-d03311|brompheniramine/phenylephrine,,,
417-0-d05434|brompheniramine/carbetapentane/phenylephrine,,,
3398-0-d07858|brompheniramine/chlophedianol/phenylephrine,,,
3311-0-d07738|brompheniramine/chlophedianol/pseudoephedrine,,,
2928-0-d07082|brompheniramine/chlorpheniramine/methscopolamine/phenylephrine/pseudoephedrine,,,
2859-0-d07401|brompheniramine/codeine,,,
2898-0-d05334|brompheniramine/codeine/phenylephrine,,,
418-0-d03367|brompheniramine/codeine/phenylpropanolamine,,,
3208-0-d07399|brompheniramine/codeine/pseudoephedrine,,,
419-0-d05106|brompheniramine/dextromethorphan/guaifenesin/phenylephrine,,,
420-0-d04724|brompheniramine/dextromethorphan/guaifenesin/phenylpropanolamine,,,
421-0-d04862|brompheniramine/dextromethorphan/guaifenesin/pseudoephedrine,,,
423-0-d03372|brompheniramine/dextromethorphan/phenylpropanolamine,,,
2899-0-d07078|brompheniramine/dihydrocodeine/phenylephrine,,,
2870-0-d07127|brompheniramine/dihydrocodeine/pseudoephedrine,,,
2929-0-d07063|brompheniramine/diphenhydramine,,,
2257-0-d00786|triprolidine,,,
4119-0-d09559|acetaminophen/dextromethorphan/phenylephrine/triprolidine,,,
4209-0-d09671|acetaminophen/dextromethorphan/guaifenesin/phenylephrine/triprolidine,,,
4210-0-d09672|acetaminophen/dextromethorphan/guaifenesin/triprolidine,,,
4118-0-d09558|acetaminophen/dextromethorphan/triprolidine,,,
83-0-d03330|acetaminophen/pseudoephedrine/triprolidine,,,
3313-0-d07751|chlophedianol/phenylephrine/triprolidine,,,
3314-0-d07752|chlophedianol/triprolidine,,,
1281-0-d06669|hydrocodone/pseudoephedrine/triprolidine,,,
1949-0-d00787|promethazine,,,
856-7528-d03360|Promethazine DM (dextromethorphan/promethazine),,,
723-7609-d03364|Promethazine VC with Codeine (codeine/phenylephrine/promethazine),,,
856-7529-d03360|Promethazine with Dextromethorphan (dextromethorphan/promethazine),,,
1857-7270-d03317|Promethazine VC Plain (phenylephrine/promethazine),,,
1857-7271-d03317|Promethazine VC (phenylephrine/promethazine),,,
856-7527-d03360|Promethazine with DM (dextromethorphan/promethazine),,,
765-0-d00790|cyproheptadine,,,
353-0-d00796|benzonatate,,,
1200-0-d00797|guaifenesin,,,
846-713-d03400|Guaifenesin DM (dextromethorphan/guaifenesin),,,
719-18655-d03393|Guaifenesin AC (codeine/guaifenesin),,,
721-19177-d03398|Guaifenesin DAC (codeine/guaifenesin/pseudoephedrine),,,
846-8238-d03400|Guaifenesin DM SR (dextromethorphan/guaifenesin),,,
1200-4402-d00797|Guaifenesin LA (guaifenesin),,,
1208-0-d03381|guaifenesin/phenylephrine,,,
1201-0-d03396|guaifenesin/hydrocodone,,,
1202-0-d03414|guaifenesin/hydrocodone/pheniramine/phenylephrine/phenylpropanolamine,,,
1203-0-d03420|guaifenesin/hydrocodone/pheniramine/phenylpropanolamine/pyrilamine,,,
1204-0-d03403|guaifenesin/hydrocodone/phenylephrine,,,
1205-0-d03404|guaifenesin/hydrocodone/pseudoephedrine,,,
1207-0-d03279|guaifenesin/oxtriphylline,,,
1209-0-d03383|guaifenesin/phenylephrine/phenylpropanolamine,,,
1210-0-d04903|guaifenesin/phenylephrine/pyrilamine,,,
1211-0-d03382|guaifenesin/phenylpropanolamine,,,
1212-0-d05117|guaifenesin/potassium guaiacolsulfonate,,,
2543-0-d00803|amphetamine,,,
190-0-d04035|amphetamine/dextroamphetamine,,,
843-0-d00804|dextroamphetamine,,,
1579-0-d00805|methamphetamine,,,
2556-0-d03219|hydroxyamphetamine ophthalmic,,,
1297-0-d03523|hydroxyamphetamine/tropicamide ophthalmic,,,
1851-0-d00806|phentermine,,,
3403-0-d07881|phentermine/topiramate,,,
1559-0-d00701|mephentermine,,,
1838-0-d00809|phendimetrazine,,,
878-0-d00810|diethylpropion,,,
2339-0-d00813|benzocaine topical,,,
340-0-d05878|benzalkonium chloride/benzocaine topical,,,
3260-0-d07664|benzethonium chloride/benzocaine topical,,,
1298-0-d00817|hydroxychloroquine,,,
1754-0-d00824|opium,,,
1754-11366-d00824|Opium Tincture, Deodorized (opium),,
1754-4621-d00824|Opium Deodorized (opium),,,
2202-0-d04829|tiotropium,,,
3625-0-d08362|olodaterol/tiotropium,,,
331-0-d03436|belladonna/opium,,,
1773-0-d00833|oxymorphone,,,
448-0-d00838|butorphanol,,,
438-0-d00840|buprenorphine,,,
2042-0-d00842|salsalate,,,
869-0-d00848|diclofenac,,,
870-0-d03213|diclofenac ophthalmic,,,
871-0-d04722|diclofenac topical,,,
4108-0-d09419|diclofenac/menthol topical,,,
3748-0-d08424|capsaicin/diclofenac topical,,,
1054-0-d00851|etodolac,,,
1763-0-d00853|oxaprozin,,,
1832-0-d00855|perphenazine,,,
1540-0-d00859|meclizine,,,
892-0-d00861|dimenhydrinate,,,
2249-0-d00862|trimethobenzamide,,,
349-0-d04151|benzocaine/trimethobenzamide,,,
943-0-d00866|dronabinol,,,
1752-0-d00867|ondansetron,,,
3944-0-d08827|ketamine/midazolam/ondansetron,,,
702-0-d00876|clomipramine,,,
2057-0-d00880|sertraline,,,
1839-0-d00883|phenelzine,,,
2242-0-d00890|trifluoperazine,,,
1494-0-d00897|loxapine,,,
1872-0-d00898|pimozide,,,
1606-0-d00900|methylphenidate,,,
836-0-d04777|dexmethylphenidate,,,
4245-0-d09720|dexmethylphenidate/serdexmethylphenidate,,,
1303-0-d00907|hydroxyzine,,,
2333-0-d00910|zolpidem,,,
1016-0-d00915|estazolam,,,
443-0-d00923|butabarbital,,,
328-0-d03486|belladonna/butabarbital,,,
527-0-d00960|carisoprodol,,,
253-8647-d03469|Carisoprodol Compound (aspirin/carisoprodol),,,
645-0-d00962|chlorzoxazone,,,
758-0-d00963|cyclobenzaprine,,,
758-13738-d00963|Comfort Pac with Cyclobenzaprine (cyclobenzaprine),,,
1572-0-d00964|metaxalone,,,
1588-0-d00965|methocarbamol,,,
1757-0-d00966|orphenadrine,,,
318-0-d00967|baclofen,,,
2245-0-d00970|trihexyphenidyl,,,
2051-0-d00976|selegiline,,,
140-0-d00978|aluminum hydroxide,,,
144-0-d03474|aluminum hydroxide/magnesium hydroxide,,,
145-0-d03478|aluminum hydroxide/magnesium hydroxide/simethicone,,,
3392-0-d06639|aluminum hydroxide/magnesium trisilicate,,,
3391-0-d07853|aluminum hydroxide/magnesium carbonate,,,
143-0-d05420|aluminum hydroxide/diphenhydramine/lidocaine/magnesium hydroxide/simethicone topical,,,
146-0-d03482|aluminum hydroxide/mineral oil,,,
120-0-d03591|alginic acid/aluminum hydroxide/magnesium carbonate,,,
12-0-d03443|acetaminophen/aluminum hydroxide/aspirin/caffeine/magnesium hydroxide,,,
121-0-d03596|alginic acid/aluminum hydroxide/magnesium trisilicate,,,
1513-0-d00982|magnesium hydroxide,,,
1514-0-d03504|magnesium hydroxide/mineral oil,,,
534-0-d03670|cascara sagrada/magnesium hydroxide,,,
2513-0-d00985|hyoscyamine,,,
3124-0-d07547|hyoscyamine/phenyltoloxamine,,,
202-0-d05433|amylase/cellulase/hyoscyamine/lipase/phenyltoloxamine/protease,,,
561-0-d03662|cellulase/hyoscyamine/pancrelipase/phenyltoloxamine,,,
2047-0-d00986|scopolamine,,,
2048-0-d03979|scopolamine ophthalmic,,,
1596-0-d00989|methscopolamine,,,
521-0-d04794|carbinoxamine/methscopolamine/pseudoephedrine,,,
2867-0-d07055|chlorpheniramine/guaifenesin/methscopolamine/phenylephrine,,,
626-0-d05411|chlorpheniramine/methscopolamine,,,
2871-0-d07111|chlorpheniramine/methscopolamine/phenylephrine/pseudoephedrine,,,
628-0-d03337|chlorpheniramine/methscopolamine/phenylpropanolamine,,,
830-0-d06835|dexchlorpheniramine/methscopolamine/phenylephrine,,,
831-0-d05539|dexchlorpheniramine/methscopolamine/pseudoephedrine,,,
1192-0-d00992|glycopyrrolate,,,
3703-0-d08249|glycopyrrolate/indacaterol,,,
4170-0-d09617|budesonide/formoterol/glycopyrrolate,,,
3746-0-d08435|formoterol/glycopyrrolate,,,
875-0-d00999|dicyclomine,,,
1787-0-d01002|pancrelipase,,,
1786-0-d01003|pancreatin,,,
1786-4806-d01003|Pancreatin 4X (pancreatin),,,
2281-0-d01005|ursodiol,,,
4403-0-d09919|sodium phenylbutyrate/taurursodiol,,,
1511-0-d01008|magnesium citrate,,,
4252-0-d09716|magnesium citrate/melatonin,,,
385-0-d05389|bisacodyl/magnesium citrate,,,
533-0-d01010|cascara sagrada,,,
535-0-d03502|cascara sagrada/phenolphthalein,,,
1848-0-d01012|phenolphthalein,,,
923-0-d03497|docusate/phenolphthalein,,,
1635-0-d03503|mineral oil/phenolphthalein,,,
2054-0-d01013|senna,,,
924-490-d03496|Senna Plus (docusate/senna),,,
924-8743-d03496|Senna S (docusate/senna),,,
2054-4830-d01013|Senna Lax (senna),,,
924-19230-d03496|Senna-Time S (docusate/senna),,,
924-8748-d03496|Sennalax-S (docusate/senna),,,
1968-8987-d03613|SennaPrompt (psyllium/senna),,,
2054-4835-d01013|Senna Concentrate (senna),,,
2054-4832-d01013|Senna-gen (senna),,,
924-0-d03496|docusate/senna,,,
1968-0-d03613|psyllium/senna,,,
2395-0-d01015|bisacodyl,,,
2395-15060-d01015|Bisacodyl Uniserts (bisacodyl),,,
387-0-d05632|bisacodyl/sodium biphosphate/sodium phosphate,,,
386-10939-d05349|HalfLytely and Bisacodyl (bisacodyl/polyethylene glycol 3350/potassium chloride/sodium bicarbonate/sodium chloride),,,
2395-13942-d01015|Fleet Bisacodyl (bisacodyl),,,
1892-0-d01017|polycarbophil,,,
1967-0-d01018|psyllium,,,
1522-0-d03612|malt soup extract/psyllium,,,
2520-0-d01019|mineral oil,,,
3868-0-d08639|mineral oil/petrolatum/phenylephrine topical,,,
1432-0-d03708|lanolin/mineral oil topical,,,
2520-13939-d01019|Fleet Mineral Oil Enema (mineral oil),,,
969-16817-d03770|Light Mineral Oil, Topical (emollients topical),,
2365-0-d01021|docusate,,,
922-0-d03661|docusate/ferrous fumarate,,,
346-0-d04367|benzocaine/docusate topical,,,
532-0-d03498|casanthranol/docusate,,,
3155-0-d01023|polyethylene glycol 3350 with electrolytes,,,
1427-0-d01024|lactulose,,,
1482-0-d01025|loperamide,,,
1483-0-d04157|loperamide/simethicone,,,
391-0-d01026|bismuth subsalicylate,,,
391-4939-d01026|Kao-Tin Bismuth Subsalicylate Formula (bismuth subsalicylate),,,
2065-0-d01027|simethicone,,,
2066-0-d04366|simethicone coated cellulose,,,
1506-0-d03484|magaldrate/simethicone,,,
575-0-d04244|charcoal/simethicone,,,
574-0-d01028|charcoal,,,
574-4982-d01028|Charcoal Plus DS (charcoal),,,
576-0-d04804|charcoal/sorbitol,,,
574-4977-d01028|Activated Charcoal (charcoal),,,
574-4992-d01028|Healthstream Activated Charcoal (charcoal),,,
574-4986-d01028|JL Bragg\'s Medicinal Charcoal (charcoal),,,
574-4999-d01028|Optimum Charcoal (charcoal),,,
2037-18511-d01307|Yes To Tomatoes Detoxifying Charcoal Cleanser (salicylic acid topical),,,
2037-18512-d01307|Yes To Tomatoes Detoxifying Charcoal Mud Mask (salicylic acid topical),,,
2336-0-d01031|mesalamine,,,
1371-0-d01105|iodoquinol,,,
3193-0-d07490|aloe polysaccharides/iodoquinol topical,,,
305-0-d01115|bacitracin,,,
307-0-d03927|bacitracin ophthalmic,,,
306-0-d03756|bacitracin topical,,,
316-0-d03965|bacitracin/polymyxin b ophthalmic,,,
315-0-d03527|bacitracin/polymyxin b topical,,,
317-0-d04390|bacitracin/polymyxin b/pramoxine topical,,,
3324-0-d07759|bacitracin/zinc oxide topical,,,
277-0-d01120|atovaquone,,,
278-0-d04547|atovaquone/proguanil,,,
1969-0-d01123|pyrantel,,,
2293-0-d01138|varicella zoster immune globulin,,,
2008-0-d01139|rho (d) immune globulin,,,
906-0-d01142|diphtheria antitoxin,,,
647-0-d01154|cholera vaccine,,,
3772-0-d08480|cholera vaccine, live,,
2270-0-d01156|typhoid vaccine, inactivated,,
1531-0-d01159|measles virus vaccine,,,
1532-0-d03007|measles virus vaccine/mumps virus vaccine/rubella virus vaccine,,,
1533-0-d05645|measles virus vaccine/mumps virus vaccine/rubella virus vaccine/varicella virus vaccine,,,
1534-0-d03006|measles virus vaccine/rubella virus vaccine,,,
2034-0-d01160|rubella virus vaccine,,,
1669-0-d03005|mumps virus vaccine/rubella virus vaccine,,,
1668-0-d01161|mumps virus vaccine,,,
1890-0-d01163|poliovirus vaccine, inactivated,,
4296-0-d08599|diphtheria toxoid/haemophilus b conjugate (prp-omp) vaccine/hepatitis b pediatric vaccine/pertussis, acellular/poliovirus vaccine, inactivated/tetanus toxoid,
2940-0-d04674|diphtheria toxoid/haemophilus b conjugate (prp-t) vaccine/pertussis, acellular/poliovirus vaccine, inactivated/tetanus toxoid,
3272-0-d04832|diphtheria toxoid/hepatitis b pediatric vaccine/pertussis, acellular/poliovirus vaccine, inactivated/tetanus toxoid,
2836-0-d04675|diphtheria toxoid/pertussis, acellular/poliovirus vaccine, inactivated/tetanus toxoid,
1337-0-d01164|influenza virus vaccine, inactivated,,
2169-0-d01168|tetanus toxoid,,,
2169-5086-d01168|Tetanus Toxoid Adsorbed (tetanus toxoid),,,
2169-5088-d01168|Tetanus Toxoid For Booster Use Only (tetanus toxoid),,,
912-0-d04921|diphtheria toxoid/tetanus toxoid,,,
910-0-d05781|diphtheria toxoid/pertussis, acellular/tetanus toxoid,,
3095-0-d05782|diphtheria and tetanus toxoids/pertussis, acellular,,
907-0-d04019|diphtheria toxoid/haemophilus b conjugate (hboc) vaccine/pertussis, whole cell/tetanus toxoid,,
908-0-d04320|diphtheria toxoid/haemophilus b conjugate (prp-t) vaccine/pertussis, acellular/tetanus toxoid,,
911-0-d03004|diphtheria toxoid/pertussis, whole cell/tetanus toxoid,,
912-17479-d04921|Diphtheria and Tetanus Toxoids Adsorbed (for Pediatric Use) (DT) (diphtheria toxoid/tetanus toxoid),,,
2267-0-d01171|tuberculin purified protein derivative,,,
1869-0-d01191|pilocarpine ophthalmic,,,
759-0-d01201|cyclopentolate ophthalmic,,,
2121-0-d01208|sulfacetamide sodium ophthalmic,,,
1112-0-d03757|fluorometholone/sulfacetamide sodium ophthalmic,,,
2244-0-d01215|trifluridine ophthalmic,,,
399-0-d01225|boric acid topical,,,
1300-0-d01226|hydroxypropyl methylcellulose ophthalmic,,,
588-0-d01231|chlorhexidine topical,,,
498-0-d01232|carbamide peroxide topical,,,
2389-0-d01233|nystatin,,,
1736-0-d04399|nystatin topical,,,
2163-0-d01238|terconazole topical,,,
1172-0-d01239|gentian violet topical,,,
1728-0-d01242|nonoxynol 9 topical,,,
2230-0-d01244|tretinoin topical,,,
125-0-d04385|alitretinoin topical,,,
4282-0-d09780|benzoyl peroxide/tretinoin topical,,,
1106-0-d04791|fluocinolone/hydroquinone/tretinoin topical,,,
1564-0-d04519|mequinol/tretinoin topical,,,
354-0-d01246|benzoyl peroxide topical,,,
3099-0-d07382|adapalene/benzoyl peroxide topical,,,
1976-0-d01263|pyrithione zinc topical,,,
2387-0-d01267|mupirocin topical,,,
957-0-d01271|econazole topical,,,
665-0-d01272|ciclopirox topical,,,
2214-0-d01274|tolnaftate topical,,,
1678-0-d01277|naftifine topical,,,
1471-0-d01278|lindane topical,,,
1831-0-d01279|permethrin topical,,,
753-0-d01280|crotamiton topical,,,
111-0-d01282|alclometasone topical,,,
151-0-d01283|amcinonide topical,,,
696-0-d01288|clobetasol topical,,,
808-0-d01290|desonide topical,,,
809-0-d01291|desoximetasone topical,,,
880-0-d01292|diflorasone topical,,,
1103-0-d01293|fluocinolone topical,,,
1107-0-d01294|fluocinonide topical,,,
1124-0-d01296|fluticasone,,,
2418-0-d04283|fluticasone nasal,,,
1125-0-d04284|fluticasone topical,,,
1126-0-d04611|fluticasone/salmeterol,,,
3470-0-d08100|fluticasone/vilanterol,,,
3866-0-d08666|fluticasone/umeclidinium/vilanterol,,,
3396-0-d07868|azelastine/fluticasone nasal,,,
1228-0-d01298|halobetasol topical,,,
2903-0-d07303|ammonium lactate/halobetasol topical,,,
864-0-d01301|dibucaine topical,,,
1927-0-d01303|pramoxine topical,,,
181-0-d04816|ammonium lactate/pramoxine topical,,,
3009-0-d07343|benzalkonium chloride/pramoxine topical,,,
456-0-d04172|calamine/pramoxine topical,,,
3399-0-d07855|menthol/pramoxine topical,,,
951-0-d01305|dyclonine topical,,,
2037-0-d01307|salicylic acid topical,,,
176-0-d04359|ammoniated mercury/salicylic acid topical,,,
351-0-d04021|benzoic acid/salicylic acid topical,,,
358-0-d05897|benzoyl peroxide/salicylic acid topical,,,
713-0-d04351|coal tar/lactic acid/salicylic acid topical,,,
714-0-d04352|coal tar/salicylic acid topical,,,
1977-0-d04353|pyrithione zinc/salicylic acid topical,,,
1888-0-d01309|podofilox topical,,,
2237-0-d01313|trichloroacetic acid topical,,,
735-0-d01315|collagenase topical,,,
1295-0-d01319|hydroquinone topical,,,
492-0-d01321|capsaicin topical,,,
139-0-d01322|aluminum chloride hexahydrate topical,,,
235-0-d01325|arnica topical,,,
1242-0-d01332|hexachlorophene topical,,,
339-0-d01333|benzalkonium chloride topical,,,
1547-0-d01348|megestrol,,,
1445-0-d01353|leuprolide,,,
1195-0-d01354|goserelin,,,
1302-0-d01373|hydroxyurea,,,
1778-0-d01376|paclitaxel,,,
1779-0-d05427|paclitaxel protein-bound,,,
368-0-d01385|beta-carotene,,,
1666-6432-d03148|Prenatal Plus with Beta-Carotene (multivitamin, prenatal),,
134-0-d01387|alprostadil,,,
917-0-d01389|disulfiram,,,
1684-0-d01406|naltrexone,,,
2827-0-d07135|methylnaltrexone,,,
1914-0-d01423|potassium citrate,,,
1915-0-d04154|potassium citrate/sodium citrate,,,
1909-0-d03962|potassium bicarbonate/potassium citrate,,,
681-0-d00439|citric acid/potassium citrate,,,
1904-0-d03959|potassium acetate/potassium bicarbonate/potassium citrate,,,
682-0-d03951|citric acid/potassium citrate/sodium citrate,,,
1092-0-d01425|flavoxate,,,
376-0-d01427|bethanechol,,,
1864-0-d02373|phosphorated carbohydrate solution,,,
108-0-d02376|albumin human,,,
840-0-d02377|dextran 1,,,
978-0-d03041|enoxaparin,,,
1486-0-d03050|loratadine,,,
1487-18193-d03818|Loratadine-D 12 Hour (loratadine/pseudoephedrine),,,
1487-14131-d03818|Loratadine-D 24 Hour (loratadine/pseudoephedrine),,,
1486-5758-d03050|Loratadine Reditab (loratadine),,,
804-0-d04785|desloratadine,,,
805-0-d05473|desloratadine/pseudoephedrine,,,
2338-0-d03061|butalbital,,,
246-8615-d03457|Butalbital Compound (aspirin/butalbital/caffeine),,,
3903-0-d09597|citric acid topical,,,
683-0-d03952|citric acid/sodium citrate,,,
3405-0-d05435|citric acid/magnesium oxide/sodium picosulfate,,,
680-0-d03716|citric acid/glucono-delta-lactone/magnesium carbonate topical,,,
4156-0-d09598|citric acid/lactic acid/potassium bitartrate topical,,,
2937-0-d07059|citric acid/potassium bicarbonate,,,
2874-0-d03075|hydrocodone,,,
622-15115-d03356|Hydrocodone GF (chlorpheniramine/hydrocodone),,,
623-7574-d03361|Hydrocodone CP (chlorpheniramine/hydrocodone/phenylephrine),,,
623-7575-d03361|Hydrocodone HD (chlorpheniramine/hydrocodone/phenylephrine),,,
1277-7485-d03353|Hydrocodone PA Pediatric (hydrocodone/phenylpropanolamine),,,
1275-0-d04152|hydrocodone/phenylephrine,,,
1277-0-d03353|hydrocodone/phenylpropanolamine,,,
1274-0-d03375|hydrocodone/pheniramine/phenylephrine/phenylpropanolamine/pyrilamine,,,
1276-0-d03366|hydrocodone/phenylephrine/pyrilamine,,,
1278-0-d03915|hydrocodone/potassium guaiacolsulfonate,,,
1279-0-d04350|hydrocodone/potassium guaiacolsulfonate/pseudoephedrine,,,
1280-0-d03352|hydrocodone/pseudoephedrine,,,
3894-0-d08754|acetaminophen/benzhydrocodone,,,
203-0-d03896|amylase/cellulase/lipase/protease,,,
3720-0-d08404|sebelipase alfa,,,
1786-4808-d01003|Digipepsin (pancreatin),,,
2080-0-d03098|sodium citrate,,,
452-0-d03335|caffeine/pheniramine/phenylephrine/sodium citrate/sodium salicylate,,,
461-0-d03126|calcitriol,,,
3108-0-d05049|calcitriol topical,,,
3462-0-d07951|steviocalcitriol,,,
1003-0-d03128|ergocalciferol,,,
646-0-d03129|cholecalciferol,,,
3237-0-d07630|cholecalciferol/genistein/zinc glycinate,,,
2854-0-d07311|cholecalciferol/genistein/zinc chelazome,,,
3461-0-d07957|cholecalciferol/iron polysaccharide,,,
3770-0-d08475|cholecalciferol/lactobacillus reuteri,,,
117-0-d05526|alendronate/cholecalciferol,,,
4159-0-d09555|bifidobacterium animalis/cholecalciferol/lactobacillus rhamnosus gg,,,
2179-0-d03130|thiamine,,,
1868-0-d03135|phytonadione,,,
1661-0-d03140|multivitamin,,,
1665-18737-d03145|MultiVitamin Plus Zinc (multivitamin with minerals),,,
1665-0-d03145|multivitamin with minerals,,,
1663-0-d03141|multivitamin with iron,,,
1666-0-d03148|multivitamin, prenatal,,
1666-12972-d03148|Prenatal Multivitamins (multivitamin, prenatal),,
1665-19562-d03145|High Potency Multivitamin (multivitamin with minerals),,,
1661-5913-d03140|Flintstones Multivitamins (multivitamin),,,
1665-19168-d03145|Bariatric Multivitamins with 45 mg Iron (multivitamin with minerals),,,
1661-5894-d03140|Childrens Chewable Multivitamins (multivitamin),,,
1661-5915-d03140|Flintstones with C Multivitamins (multivitamin),,,
1661-5998-d03140|Health Aid Multivitamin (multivitamin),,,
1661-5994-d03140|Unichem Multivitamin (multivitamin),,,
1661-13559-d03140|Wellesse Sugar Free Childrens Multivitamin Gummies (multivitamin),,,
1665-17972-d03145|Celebrate Multivitamin (multivitamin with minerals),,,
1665-19709-d03145|Eye Multivitamin (multivitamin with minerals),,,
1665-12324-d03145|SourceCF Multivitamins with A,B,D,E & K plus Zinc (multivitamin with minerals)
1666-17900-d03148|RE Prenatal Multivitamin with Iron (multivitamin, prenatal),,
942-0-d03154|doxylamine,,,
3517-0-d08136|doxylamine/phenylephrine,,,
3316-0-d07749|doxylamine/pseudoephedrine,,,
53-0-d05366|acetaminophen/dextromethorphan/doxylamine,,,
54-0-d04793|acetaminophen/dextromethorphan/doxylamine/phenylephrine,,,
3738-0-d08419|acetaminophen/dextromethorphan/doxylamine/guaifenesin/phenylephrine,,,
55-0-d03349|acetaminophen/dextromethorphan/doxylamine/pseudoephedrine,,,
3094-0-d08111|acetaminophen/doxylamine/phenylephrine,,,
67-0-d04738|acetaminophen/doxylamine/pseudoephedrine,,,
1800-0-d03157|paroxetine,,,
649-0-d03159|choline,,,
653-11998-d03651|Choline Magnesium Trisalicylate (choline salicylate/magnesium salicylate),,,
653-0-d03651|choline salicylate/magnesium salicylate,,,
652-0-d00492|choline salicylate,,,
650-0-d03064|choline bitartrate,,,
651-0-d03893|choline bitartrate/dexpanthenol,,,
2117-0-d00376|succinylcholine,,,
96-0-d01188|acetylcholine ophthalmic,,,
1577-0-d03667|methacholine,,,
376-169-d01427|Urecholine (bethanechol),,,
1577-956-d03667|Provocholine (methacholine),,,
651-9854-d03893|Ilopan Choline (choline bitartrate/dexpanthenol),,,
2136-0-d03160|sumatriptan,,,
1034-0-d03162|ethanol,,,
1035-0-d04236|ethanol topical,,,
1036-0-d01382|ethanolamine oleate,,,
2241-0-d03735|triethanolamine polypeptide oleate otic,,,
1068-0-d03170|felbamate,,,
2019-0-d03180|risperidone,,,
2296-0-d03181|venlafaxine,,,
2796-0-d07113|desvenlafaxine,,,
1147-0-d03182|gabapentin,,,
3488-0-d03182|gabapentin enacarbil,,,
1127-0-d03183|fluvastatin,,,
2219-0-d03189|torsemide,,,
1766-0-d03190|oxiconazole topical,,,
2160-0-d03191|terbinafine topical,,,
3344-0-d07791|hydroxypropyl chitosan/terbinafine topical,,,
2541-0-d03192|zinc oxide topical,,,
4354-0-d09872|calamine/menthol/petrolatum/zinc oxide topical,,,
457-0-d05894|calamine/zinc oxide topical,,,
3887-0-d08678|lanolin/menthol/petrolatum/zinc oxide topical,,,
2910-0-d06868|menthol/zinc oxide topical,,,
4316-0-d09816|petrolatum/zinc oxide topical,,,
1847-0-d05769|phenol/zinc oxide topical,,,
1928-0-d03695|pramoxine/zinc oxide topical,,,
3326-0-d07760|silver/zinc oxide topical,,,
2053-0-d03210|selenium sulfide topical,,,
2534-0-d03226|saliva substitutes topical,,,
1111-0-d03227|fluorometholone ophthalmic,,,
516-0-d03569|carbinoxamine,,,
517-0-d05150|carbinoxamine/dextromethorphan/phenylephrine,,,
518-0-d03577|carbinoxamine/dextromethorphan/pseudoephedrine,,,
519-0-d05668|carbinoxamine/hydrocodone/phenylephrine,,,
520-0-d04752|carbinoxamine/hydrocodone/pseudoephedrine,,,
522-0-d05419|carbinoxamine/phenylephrine,,,
523-0-d03570|carbinoxamine/pseudoephedrine,,,
501-0-d05772|carbetapentane/carbinoxamine/phenylephrine,,,
518-8947-d03577|PSE Carbinoxamine DM (carbinoxamine/dextromethorphan/pseudoephedrine),,,
1907-0-d03600|potassium bicarbonate,,,
87-0-d03623|acetic acid topical,,,
865-0-d01312|dichloroacetic acid topical,,,
3419-0-d07886|monochloracetic acid topical,,,
2831-0-d03640|budesonide nasal,,,
1833-0-d03641|petrolatum topical,,,
1424-0-d03644|lactobacillus acidophilus,,,
1425-0-d03646|lactobacillus acidophilus/lactobacillus bulgaricus,,,
3310-0-d07735|lactobacillus acidophilus/lactobacillus casei,,,
3511-0-d08124|lactobacillus acidophilus/lactobacillus casei/lactobacillus rhamnosus,,,
4186-0-d08186|lactobacillus acidophilus/lactobacillus rhamnosus,,,
2943-0-d07114|lactobacillus acidophilus/methscopolamine,,,
3205-0-d07400|bifidobacterium infantis/lactobacillus acidophilus,,,
3792-0-d08513|bifidobacterium infantis/lactobacillus acidophilus/streptococcus thermophilus,,,
1396-0-d03647|isopropyl alcohol topical,,,
3145-0-d07408|benzocaine/isopropyl alcohol topical,,,
3512-0-d08190|iodine povacrylex/isopropyl alcohol topical,,,
352-0-d03649|benzoin topical,,,
454-0-d03653|calamine topical,,,
1051-0-d03656|ethyl chloride topical,,,
867-0-d04907|dichlorotetrafluorethane/ethyl chloride topical,,,
1439-0-d03663|lecithin,,,
1439-9091-d03663|Lecithin-Softgels (lecithin),,,
1439-9090-d03663|Lecithin Natural (lecithin),,,
1439-9092-d03663|Soya Lecithin (lecithin),,,
2527-0-d03664|phenol topical,,,
126-0-d03710|allantoin/camphor/phenol topical,,,
486-0-d03713|camphor/phenol topical,,,
2944-0-d03666|menthol/phenol topical,,,
2767-0-d03665|menthol topical,,,
2925-0-d07306|benzocaine/menthol topical,,,
4366-0-d09881|allantoin/camphor/menthol topical,,,
2913-0-d07054|benzalkonium chloride/menthol topical,,,
3442-0-d07920|benzocaine/cetylpyridinium/menthol topical,,,
3842-0-d09932|benzyl alcohol/camphor/menthol topical,,,
3590-0-d07911|camphor/eucalyptus/menthol topical,,,
485-0-d04844|camphor/menthol topical,,,
3620-0-d08359|capsaicin/lidocaine/menthol topical,,,
3443-0-d07921|capsaicin/menthol topical,,,
3904-0-d09846|coal tar/menthol topical,,,
1601-0-d03668|methyl salicylate topical,,,
3422-0-d06612|camphor/capsaicin/methyl salicylate topical,,,
3989-0-d09070|camphor/capsicum/menthol/methyl salicylate topical,,,
3763-0-d08473|camphor/lidocaine/methyl salicylate topical,,,
3687-0-d08408|camphor/menthol/methyl salicylate topical,,,
3381-0-d07817|capsaicin/lidocaine/menthol/methyl salicylate topical,,,
3244-0-d07896|capsaicin/menthol/methyl salicylate topical,,,
3117-0-d03669|menthol/methyl salicylate topical,,,
462-0-d03689|calcium acetate,,,
2931-0-d04304|calcium acetate/magnesium carbonate,,,
147-0-d03690|aluminum sulfate/calcium acetate topical,,,
712-0-d03703|coal tar topical,,,
3288-0-d07402|clobetasol/coal tar topical,,,
2348-0-d03707|aloe vera topical,,,
484-0-d03712|camphor topical,,,
2142-0-d03752|tacrolimus,,,
2143-0-d04740|tacrolimus topical,,,
2041-0-d03759|salmeterol,,,
1431-0-d03761|lanolin topical,,,
1740-0-d03768|ocular lubricant ophthalmic,,,
1065-0-d03775|famciclovir,,,
459-0-d03788|calcipotriene topical,,,
766-0-d03794|cysteamine,,,
3421-0-d07477|cysteamine ophthalmic,,,
1510-0-d03796|magnesium chloride,,,
1516-0-d03797|magnesium oxide,,,
1512-0-d03798|magnesium gluconate,,,
1512-9751-d03798|Optimum Magnesium Gluconate (magnesium gluconate),,,
1128-0-d03804|fluvoxamine,,,
930-0-d03805|dorzolamide ophthalmic,,,
3933-0-d08828|brimonidine/dorzolamide ophthalmic,,,
107-0-d03806|albendazole,,,
1573-0-d03807|metformin,,,
1576-0-d06720|metformin/sitagliptin,,,
1574-0-d05635|metformin/pioglitazone,,,
2834-0-d07292|metformin/repaglinide,,,
3280-0-d07709|metformin/saxagliptin,,,
1575-0-d04820|metformin/rosiglitazone,,,
3676-0-d08384|empagliflozin/metformin,,,
3572-0-d08245|dapagliflozin/metformin,,,
3553-0-d08280|canagliflozin/metformin,,,
3450-0-d07964|alogliptin/metformin,,,
3372-0-d07825|linagliptin/metformin,,,
4128-0-d09510|empagliflozin/linagliptin/metformin,,,
3885-0-d08693|ertugliflozin/metformin,,,
1698-0-d03808|nefazodone,,,
1430-0-d03809|lamotrigine,,,
776-0-d03812|dalteparin,,,
1489-0-d03821|losartan,,,
1081-0-d03822|ferrous gluconate,,,
1386-0-d03823|iron polysaccharide,,,
1080-0-d05690|ferrous fumarate/iron polysaccharide,,,
3226-0-d07519|heme iron polypeptide/iron polysaccharide,,,
1082-0-d03824|ferrous sulfate,,,
1720-0-d03825|nisoldipine,,,
2221-0-d03826|tramadol,,,
2221-17957-d03826|Tramadol Hydrochloride ER (tramadol),,,
4306-0-d09858|celecoxib/tramadol,,,
2221-9807-d03826|GenRx Tramadol (tramadol),,,
569-0-d03827|cetirizine,,,
3811-0-d09537|cetirizine ophthalmic,,,
1455-0-d05851|levocetirizine,,,
1433-0-d03828|lansoprazole,,,
3107-0-d07395|dexlansoprazole,,,
2292-0-d03832|varicella virus vaccine,,,
918-0-d03833|divalproex sodium,,,
1648-0-d03835|moexipril,,,
98-0-d03836|acitretin,,,
1671-0-d03839|mycophenolate mofetil,,,
1375-0-d03840|iopromide,,,
9-0-d03846|acarbose,,,
531-0-d03847|carvedilol,,,
297-0-d03848|azelaic acid topical,,,
116-0-d03849|alendronate,,,
380-0-d03850|bicalutamide,,,
1428-0-d03858|lamivudine,,,
3897-0-d08752|lamivudine/tenofovir,,,
3603-0-d08363|lamivudine/raltegravir,,,
3896-0-d08743|efavirenz/lamivudine/tenofovir,,,
4005-0-d09225|dolutegravir/lamivudine,,,
3-0-d05354|abacavir/lamivudine,,,
3557-0-d08284|abacavir/dolutegravir/lamivudine,,,
3957-0-d08876|doravirine/lamivudine/tenofovir,,,
1507-0-d03862|magnesium amino acids chelate,,,
1176-0-d03864|glimepiride,,,
1177-0-d05856|glimepiride/pioglitazone,,,
1178-0-d05674|glimepiride/rosiglitazone,,,
475-0-d03866|calcium citrate,,,
152-0-d03868|amifostine,,,
206-0-d03873|anastrozole,,,
2260-0-d03884|trolamine salicylate topical,,,
1421-0-d03897|lactase,,,
1421-9864-d03897|Lactase Extra Strength (lactase),,,
3781-0-d08490|lactase/rennet,,,
2021-0-d03984|ritonavir,,,
4326-0-d09840|nirmatrelvir/ritonavir,,,
1484-0-d04717|lopinavir/ritonavir,,,
3222-0-d07531|emtricitabine/lopinavir/ritonavir/tenofovir,,,
3581-0-d08323|dasabuvir/ombitasvir/paritaprevir/ritonavir,,,
3641-0-d08339|ombitasvir/paritaprevir/ritonavir,,,
342-0-d03987|benzocaine otic,,,
218-0-d03627|antipyrine/benzocaine otic,,,
499-0-d03990|carbamide peroxide otic,,,
736-0-d03994|colloidal oatmeal topical,,,
2406-0-d03998|sterile water,,,
1293-0-d04003|hydrogen peroxide topical,,,
2222-0-d04008|trandolapril,,,
1164-0-d04010|gemcitabine,,,
1360-0-d04011|interferon beta-1a,,,
3555-0-d08282|peginterferon beta-1a,,,
2161-0-d04012|terbinafine,,,
103-0-d04015|adapalene topical,,,
1438-0-d04017|latanoprost ophthalmic,,,
1640-0-d04025|mirtazapine,,,
666-0-d04028|cidofovir,,,
4273-0-d09401|brincidofovir,,,
1710-0-d04029|nevirapine,,,
375-0-d04038|betaxolol ophthalmic,,,
1450-0-d04517|levobetaxolol ophthalmic,,,
1086-0-d04040|fexofenadine,,,
1629-0-d04047|midodrine,,,
410-0-d04048|brimonidine ophthalmic,,,
180-0-d04049|ammonium lactate topical,,,
1744-0-d04050|olanzapine,,,
4267-0-d09754|olanzapine/samidorphan,,,
1824-0-d04052|pentosan polysulfate sodium,,,
1813-0-d04054|penciclovir topical,,,
2327-0-d04056|zinc gluconate,,,
2329-0-d04057|zinc sulfate,,,
2328-0-d01223|zinc sulfate ophthalmic,,,
4315-0-d09821|copper sulfate/manganese sulfate/selenium/zinc sulfate,,,
659-0-d03719|chromic chloride hexahydrate/copper sulfate/manganese sulfate/selenium/zinc sulfate,,,
1689-0-d03678|naphazoline/zinc sulfate ophthalmic,,,
2175-0-d04897|tetrahydrozoline/zinc sulfate ophthalmic,,,
1548-0-d04058|melatonin,,,
1548-10148-d04058|Melatonin Time Release (melatonin),,,
4337-19936-d09838|Melatonin Sleep Time Release (melatonin/pyridoxine),,,
1548-10145-d04058|Bio-Melatonin (melatonin),,,
1548-10146-d04058|Health Aid Melatonin (melatonin),,,
1548-10147-d04058|VesPro Melatonin (melatonin),,,
298-0-d04068|azelastine nasal,,,
1422-0-d04090|lactic acid topical,,,
927-0-d04099|donepezil,,,
3585-0-d08337|donepezil/memantine,,,
1407-0-d04101|ivermectin,,,
3373-0-d07842|ivermectin topical,,,
2205-0-d04102|tizanidine,,,
2323-0-d04103|zileuton,,,
276-0-d04105|atorvastatin,,,
3469-0-d08089|atorvastatin/ezetimibe,,,
1139-0-d04106|fosfomycin,,,
171-0-d04107|amlexanox topical,,,
1631-0-d04110|miglitol,,,
1175-0-d04111|glatiramer,,,
449-0-d04112|cabergoline,,,
2288-0-d04113|valsartan,,,
3637-0-d08369|sacubitril/valsartan,,,
3755-0-d08483|nebivolol/valsartan,,,
3171-0-d07486|aliskiren/valsartan,,,
2216-0-d04115|topiramate,,,
1746-0-d04117|olopatadine ophthalmic,,,
2146-0-d04121|tamsulosin,,,
3240-0-d07634|dutasteride/tamsulosin,,,
1324-0-d04125|imiquimod topical,,,
204-0-d04126|anagrelide,,,
2218-0-d04137|toremifene,,,
2148-0-d04138|tazarotene topical,,,
4009-0-d09252|halobetasol/tazarotene topical,,,
662-0-d04142|chromium picolinate,,,
1665-19723-d03145|Chromium Picolinate with Calcium (multivitamin with minerals),,,
3393-0-d07849|chromium picolinate/inulin,,,
1925-0-d04145|pramipexole,,,
1443-0-d04156|letrozole,,,
3810-0-d08583|letrozole/ribociclib,,,
2063-0-d04208|silver nitrate topical,,,
2027-0-d04215|ropinirole,,,
1979-0-d04220|quetiapine,,,
1383-0-d04222|irbesartan,,,
2416-0-d04223|mometasone nasal,,,
88-0-d04228|acetic acid otic,,,
1602-0-d04248|methylcellulose,,,
3277-0-d07686|carboxymethylcellulose/sodium hyaluronate topical,,,
2332-0-d04253|zolmitriptan,,,
542-0-d04256|cefdinir,,,
705-0-d04258|clopidogrel,,,
1987-0-d04261|raloxifene,,,
1000-0-d04266|eprosartan,,,
1001-0-d04837|eprosartan/hydrochlorothiazide,,,
2000-0-d04267|repaglinide,,,
431-0-d04276|budesonide,,,
432-0-d04795|budesonide/formoterol,,,
1692-0-d04285|naratriptan,,,
1071-0-d04286|fenofibrate,,,
1654-0-d04289|montelukast,,,
1490-0-d04292|loteprednol ophthalmic,,,
2215-0-d04294|tolterodine,,,
2061-0-d04299|sildenafil,,,
2018-0-d04300|risedronate,,,
411-0-d04301|brinzolamide ophthalmic,,,
3468-0-d08086|brimonidine/brinzolamide ophthalmic,,,
490-0-d04311|capecitabine,,,
1798-0-d04312|paricalcitol,,,
2204-0-d04315|tirofiban,,,
912-10883-d04921|Tetanus-Diphtheria Toxoids, Adult (diphtheria toxoid/tetanus toxoid),,
487-0-d04322|candesartan,,,
1782-0-d04323|palivizumab,,,
2024-0-d04328|rizatriptan,,,
2083-0-d04329|sodium hyaluronate,,,
2082-0-d01222|sodium hyaluronate ophthalmic,,,
2084-0-d05651|sodium hyaluronate topical,,,
3514-0-d08128|dextranomer/sodium hyaluronate,,,
2846-0-d06902|aloe vera/collagen/lidocaine/sodium hyaluronate topical,,,
2858-0-d07133|benzoyl peroxide/sodium hyaluronate topical,,,
2078-0-d03902|sodium chondroitin sulfate/sodium hyaluronate ophthalmic,,,
679-0-d04332|citalopram,,,
1013-0-d04812|escitalopram,,,
1336-0-d04342|infliximab,,,
2032-0-d04344|rotavirus vaccine,,,
1440-0-d04349|leflunomide,,,
963-0-d04355|efavirenz,,,
964-0-d05847|efavirenz/emtricitabine/tenofovir,,,
743-0-d04362|copper gluconate,,,
2058-0-d04363|sevelamer,,,
2152-0-d04364|telmisartan,,,
1031-0-d04365|etanercept,,,
2-0-d04376|abacavir,,,
2190-0-d04377|thyrotropin alpha,,,
1647-0-d04378|modafinil,,,
234-0-d06842|armodafinil,,,
560-0-d04380|celecoxib,,,
668-0-d04382|cilostazol,,,
707-0-d04395|clotrimazole topical,,,
2340-0-d04405|clavulanate,,,
2271-0-d04406|typhoid vaccine, live,,
1160-0-d04411|garlic,,,
1160-10620-d04411|Garlic Oil (garlic),,,
1200-4465-d00797|Liqufruta Garlic Cough Medicine (guaifenesin),,,
2370-0-d04412|ginseng,,,
1174-0-d04413|ginkgo,,,
1174-10621-d04413|Ginkgo Biloba (ginkgo),,,
2284-0-d04416|valerian,,,
2284-10628-d04416|Valerian Root (valerian),,,
2550-0-d04417|creatine,,,
1182-0-d04418|glucosamine,,,
655-14129-d05703|Glucosamine & Chondroitin with MSM (chondroitin/glucosamine/methylsulfonylmethane),,,
654-0-d04420|chondroitin/glucosamine,,,
655-0-d05703|chondroitin/glucosamine/methylsulfonylmethane,,,
655-13556-d05703|Wellesse Joint Movement Glucosamine (chondroitin/glucosamine/methylsulfonylmethane),,,
2547-0-d04419|chondroitin,,,
2780-0-d05816|sodium chondroitin sulfate ophthalmic,,,
2381-0-d04422|kava,,,
2508-0-d04423|goldenseal,,,
1998-0-d04426|red yeast rice,,,
1756-0-d04429|orlistat,,,
524-0-d04432|carbonyl iron,,,
2030-0-d04434|rosiglitazone,,,
1520-0-d04436|malathion topical,,,
1417-0-d04441|ketotifen ophthalmic,,,
1874-0-d04442|pioglitazone,,,
3449-0-d07965|alogliptin/pioglitazone,,,
2320-0-d04443|zanamivir,,,
1983-0-d04448|rabeprazole,,,
2154-0-d04451|temozolomide,,,
2319-0-d04452|zaleplon,,,
2069-0-d04453|sirolimus,,,
4351-0-d09867|sirolimus topical,,,
4311-0-d09863|sirolimus protein-bound,,,
2155-0-d06836|temsirolimus,,,
925-0-d04459|dofetilide,,,
979-0-d04460|entacapone,,,
1060-0-d04461|exemestane,,,
1758-0-d04462|oseltamivir,,,
2366-0-d04464|dong quai,,,
2355-0-d04467|cat\'s claw,,,
2580-0-d04469|bee pollen,,,
750-0-d04470|cranberry,,,
750-10679-d04470|Azo-Cranberry (cranberry),,,
1665-19517-d03145|Emergen-C Cranberry-Pomegranate (multivitamin with minerals),,,
397-0-d04472|black cohosh,,,
2353-0-d04476|bilberry,,,
381-0-d06844|bilberry/evening primrose/flax,,,
2669-0-d04481|royal jelly,,,
2361-0-d04483|dandelion,,,
2560-0-d04487|peppermint,,,
2534-11980-d03226|Glandosane Peppermint (saliva substitutes topical),,,
1448-0-d04499|levetiracetam,,,
1659-0-d04500|moxifloxacin,,,
1660-0-d04860|moxifloxacin ophthalmic,,,
573-0-d04512|cevimeline,,,
1765-0-d04513|oxcarbazepine,,,
1790-0-d04514|pantoprazole,,,
2273-0-d04523|ubiquinone,,,
2334-0-d04527|zonisamide,,,
1549-0-d04532|meloxicam,,,
1472-0-d04534|linezolid,,,
2023-0-d04537|rivastigmine,,,
299-0-d04541|azelastine ophthalmic,,,
3350-0-d04557|clobazam,,,
1136-0-d04572|formoterol,,,
3243-0-d07660|formoterol/mometasone,,,
230-0-d05893|arformoterol,,,
4004-0-d08315|aclidinium/formoterol,,,
2918-0-d04597|tetrabenazine,,,
3799-0-d08560|deutetrabenazine,,,
730-0-d04695|colesevelam,,,
319-0-d04700|balsalazide,,,
921-0-d04702|docosanol topical,,,
965-0-d04704|eflornithine topical,,,
2331-0-d04708|zoledronic acid,,,
1388-0-d04725|iron sucrose,,,
1-0-d04726|5-hydroxytryptophan,,,
1695-0-d04743|nateglinide,,,
2330-0-d04747|ziprasidone,,,
1153-0-d04750|galantamine,,,
2227-0-d04753|travoprost ophthalmic,,,
382-0-d04754|bimatoprost ophthalmic,,,
128-0-d04757|almotriptan,,,
1321-0-d04758|imatinib,,,
1056-0-d04772|etonogestrel,,,
1041-0-d04773|ethinyl estradiol/etonogestrel,,,
2158-0-d04774|tenofovir,,,
3773-0-d04774|tenofovir alafenamide,,,
971-0-d05352|emtricitabine/tenofovir,,,
3891-0-d08736|bictegravir/emtricitabine/tenofovir alafenamide,,,
3412-0-d07899|cobicistat/elvitegravir/emtricitabine/tenofovir,,,
3744-0-d05352|emtricitabine/tenofovir alafenamide,,,
3926-0-d08738|cobicistat/darunavir/emtricitabine/tenofovir alafenamide,,,
3337-0-d07796|emtricitabine/rilpivirine/tenofovir,,,
3729-0-d07899|cobicistat/elvitegravir/emtricitabine/tenofovir alafenamide,,,
3223-0-d07532|emtricitabine/nelfinavir/tenofovir,,,
3730-0-d07796|emtricitabine/rilpivirine/tenofovir alafenamide,,,
205-0-d04775|anakinra,,,
1143-0-d04776|frovatriptan,,,
403-0-d04782|bosentan,,,
1871-0-d04784|pimecrolimus topical,,,
950-0-d04788|dutasteride,,,
119-0-d04797|alfuzosin,,,
1745-0-d04801|olmesartan,,,
2091-0-d04806|sodium oxybate,,,
4168-0-d09632|calcium oxybate/magnesium oxybate/potassium oxybate/sodium oxybate,,,
1249-0-d04813|horse chestnut,,,
997-0-d04815|eplerenone,,,
1062-0-d04824|ezetimibe,,,
4249-0-d08262|ezetimibe/rosuvastatin,,,
4135-0-d09519|bempedoic acid/ezetimibe,,,
233-0-d04825|aripiprazole,,,
275-0-d04827|atomoxetine,,,
102-0-d04835|adalimumab,,,
967-0-d04849|eletriptan,,,
2031-0-d04851|rosuvastatin,,,
226-0-d04855|aprepitant,,,
2862-0-d07080|fosaprepitant,,,
106-0-d04866|agalsidase beta,,,
1748-0-d04881|omalizumab,,,
272-0-d04882|atazanavir,,,
3599-0-d08340|atazanavir/cobicistat,,,
970-0-d04884|emtricitabine,,,
2290-0-d04893|vardenafil,,,
2144-0-d04896|tadalafil,,,
988-0-d04898|epinastine ophthalmic,,,
1551-0-d04899|memantine,,,
1137-0-d04901|fosamprenavir,,,
1887-0-d04920|pneumococcal 7-valent vaccine,,,
2264-0-d04929|trospium,,,
2198-0-d04935|tinidazole,,,
8-0-d04986|acamprosate,,,
1672-0-d05217|mycophenolic acid,,,
670-0-d05218|cinacalcet,,,
2788-0-d05265|nebivolol,,,
2014-0-d05294|rifaximin,,,
3319-0-d05337|pneumococcal 23-polyvalent vaccine,,,
1225-0-d05343|haemophilus b conjugate (prp-t) vaccine,,,
3411-0-d05849|haemophilus b conjugate (prp-t) vaccine/meningococcal conjugate vaccine,,,
1893-0-d05350|polyethylene glycol 3350,,,
949-0-d05355|duloxetine,,,
1308-0-d05357|ibandronate,,,
1435-0-d05395|lanthanum carbonate,,,
2098-0-d05413|solifenacin,,,
1030-0-d05421|eszopiclone,,,
785-0-d05422|darifenacin,,,
1552-0-d05432|meningococcal conjugate vaccine,,,
2791-0-d05465|ciclesonide,,,
2764-0-d05899|ciclesonide nasal,,,
1926-0-d05488|pramlintide,,,
1937-0-d05508|pregabalin,,,
413-0-d05518|bromfenac ophthalmic,,,
980-0-d05525|entecavir,,,
1061-0-d05529|exenatide,,,
1988-0-d05578|ramelteon,,,
1995-0-d05612|rasagiline,,,
3126-0-d05626|everolimus,,,
1707-0-d05633|nepafenac ophthalmic,,,
2035-0-d05646|saccharomyces boulardii lyo,,,
1076-0-d05647|ferric subsulfate topical,,,
1503-0-d05657|m-cresyl acetate otic,,,
6-0-d05694|abatacept,,,
2386-0-d05702|methylsulfonylmethane,,,
2138-0-d05717|sunitinib,,,
1993-0-d05719|ranolazine,,,
1495-0-d05736|lubiprostone,,,
408-0-d05748|brewer\'s yeast,,,
1419-0-d05773|l-methylfolate,,,
1661-15431-d03140|L-methylfolate Ca, P-5-P, Me-Cbl (multivitamin),
3454-16075-d07578|L-Methylfolate Calcium (levomefolate calcium),,,
1419-18186-d05773|L-Methylfolate Forte (l-methylfolate),,,
1419-16250-d05773|L-Methylfolate Formula (l-methylfolate),,,
1661-15430-d03140|L-methylfolate Ca, Me-Cbl NAC (multivitamin),,
2291-0-d05807|varenicline,,,
2335-0-d05813|zoster vaccine live,,,
1250-0-d05817|human papillomavirus vaccine,,,
786-0-d05825|darunavir,,,
3600-0-d08305|cobicistat/darunavir,,,
787-0-d05831|dasatinib,,,
2033-0-d05848|rotigotine,,,
1221-0-d05866|guar gum,,,
1221-11139-d05866|Benefiber (guar gum formulation) (guar gum),,,
2070-0-d05896|sitagliptin,,,
3884-0-d08692|ertugliflozin/sitagliptin,,,
710-0-d05963|coagulation factor ix,,,
3127-0-d06008|benzyl alcohol topical,,,
1105-0-d06032|fluocinolone otic,,,
735-11293-d01315|Collagenase Santyl (collagenase topical),,,
2939-0-d06900|collagen topical,,,
3194-0-d07548|collagenase clostridium histolyticum,,,
1781-0-d06297|paliperidone,,,
2682-0-d06370|turmeric,,,
2606-0-d06507|cinnamon,,,
1110-12690-d04397|ACT Restoring Mouthwash Cinnamon (fluoride topical),,,
3101-0-d06635|milnacipran,,,
3483-0-d08114|levomilnacipran,,,
1475-0-d06663|lisdexamfetamine,,,
124-0-d06665|aliskiren,,,
2787-0-d07077|aliskiren/hydrochlorothiazide,,,
1496-0-d06848|lutein,,,
1665-6308-d03145|Ocuvite Lutein (multivitamin with minerals),,,
1665-19266-d03145|ICaps with Lutein and Zeaxanthin (multivitamin with minerals),,,
1665-6289-d03145|ICaps with Lutein and Zeaxan (multivitamin with minerals),,,
1665-6358-d03145|Certa-Vite Senior Plus Lutein (multivitamin with minerals),,,
1665-6292-d03145|Certagen Senior with Lutein (multivitamin with minerals),,,
1665-12661-d03145|CertaVite with Lutein (multivitamin with minerals),,,
1665-19143-d03145|Healthy Eyes with Lutein (multivitamin with minerals),,,
1665-15352-d03145|ICaps Lutein & Omega-3 (multivitamin with minerals),,,
1665-19780-d03145|PreserVision AREDS Lutein (multivitamin with minerals),,,
1665-16516-d03145|Prosight with Lutein (multivitamin with minerals),,,
1665-18570-d03145|Theratrum Complete 50 Plus with Lutein and Lycopene (multivitamin with minerals),,,
1665-18571-d03145|Theratrum Complete with Lutein and Lycopene (multivitamin with minerals),,,
1528-0-d06852|maraviroc,,,
2840-0-d06860|oxygen,,,
2926-0-d06867|biotin,,,
1661-6031-d03140|Biotin Forte (multivitamin),,,
1665-6372-d03145|Biotin Forte with Zinc (multivitamin with minerals),,,
4413-0-d09933|alpha-lipoic acid/biotin,,,
1665-20136-d03145|Ultra Hair, Skin and Nails Plus Biotin (multivitamin with minerals),,
2413-0-d07048|raltegravir,,,
2785-0-d07057|nilotinib,,,
2793-0-d07076|etravirine,,,
2830-0-d07132|olopatadine nasal,,,
4334-0-d09687|mometasone/olopatadine nasal,,,
3266-0-d07137|dabigatran,,,
2962-0-d07162|fesoterodine,,,
2835-0-d07298|difluprednate ophthalmic,,,
3010-0-d07347|bifidobacterium infantis,,,
2961-0-d07349|lacosamide,,,
2960-0-d07354|silodosin,,,
3332-0-d07356|rivaroxaban,,,
3014-0-d07357|eltrombopag,,,
3096-0-d07371|fenofibric acid,,,
3110-0-d07397|febuxostat,,,
3148-0-d07409|prasugrel,,,
3128-0-d07435|golimumab,,,
3140-0-d07441|iloperidone,,,
3142-0-d07448|besifloxacin ophthalmic,,,
3147-0-d07458|dronedarone,,,
3189-0-d07466|liraglutide,,,
3160-0-d07467|saxagliptin,,,
3788-0-d08531|dapagliflozin/saxagliptin,,,
3168-0-d07473|asenapine,,,
3257-0-d07495|ulipristal,,,
3186-0-d07496|tocilizumab,,,
3180-0-d07499|pazopanib,,,
743-12268-d04362|Copper (copper gluconate),,,
3216-0-d07505|copper topical,,,
742-0-d04203|copper chloride,,,
4190-0-d09680|copper Cu 64 dotatate,,,
4028-0-d09318|copper glycinate/zinc glycinate,,,
744-0-d04204|copper sulfate,,,
591-0-d01328|chlorophyllin copper complex topical,,,
4028-19162-d09318|Zinc plus Copper (copper glycinate/zinc glycinate),,,
1665-20173-d03145|Activnutrients Without Copper And Iron (multivitamin with minerals),,,
3225-0-d07506|lactobacillus reuteri,,,
3499-0-d07507|eslicarbazepine,,,
3167-0-d07637|pitavastatin,,,
3238-0-d07640|denosumab,,,
3333-0-d07651|indacaterol,,,
3252-0-d07670|alcaftadine ophthalmic,,,
3303-0-d07684|roflumilast,,,
4377-0-d09909|roflumilast topical,,,
3278-0-d07705|lurasidone,,,
3336-0-d07721|ticagrelor,,,
3295-0-d07739|spinosad topical,,,
3296-0-d07740|vilazodone,,,
3321-0-d07766|abiraterone,,,
3322-0-d07767|linagliptin,,,
3601-0-d08344|empagliflozin/linagliptin,,,
3327-0-d07776|rilpivirine,,,
4233-0-d09654|cabotegravir/rilpivirine,,,
3877-0-d08680|dolutegravir/rilpivirine,,,
3438-0-d07804|apixaban,,,
3352-0-d07812|ruxolitinib,,,
4300-0-d09817|ruxolitinib topical,,,
3401-0-d07875|lorcaserin,,,
3402-0-d07876|mirabegron,,,
3406-0-d07885|aclidinium,,,
3565-0-d07897|cobicistat,,,
3564-0-d07898|elvitegravir,,,
3413-0-d07902|linaclotide,,,
3417-0-d07905|teriflunomide,,,
3420-0-d07913|regorafenib,,,
3429-0-d07925|tofacitinib,,,
3506-0-d07928|dapagliflozin,,,
3458-0-d08070|ospemifene,,,
3464-0-d08079|dimethyl fumarate,,,
3465-0-d08080|canagliflozin,,,
3485-0-d08117|dolutegravir,,,
3487-0-d08119|brimonidine topical,,,
3490-0-d08125|vortioxetine,,,
3500-0-d08170|ibrutinib,,,
3502-0-d08182|simeprevir,,,
3504-0-d08184|sofosbuvir,,,
3756-0-d08456|sofosbuvir/velpatasvir,,,
3828-0-d08619|sofosbuvir/velpatasvir/voxilaprevir,,,
3567-0-d08296|ledipasvir/sofosbuvir,,,
3528-0-d08187|umeclidinium,,,
3505-0-d08188|umeclidinium/vilanterol,,,
3524-0-d08251|albiglutide,,,
